[10Jan2026 13:24:52.169] [main/INFO] [cpw.mods.modlauncher.Launcher/MODLAUNCHER]: ModLauncher running: args [--launchTarget, forgeclientuserdev, --version, MOD_DEV, --assetIndex, 5, --assetsDir, C:\Users\anosv\.gradle\caches\forge_gradle\assets, --gameDir, ., --fml.forgeVersion, 47.1.3, --fml.mcVersion, 1.20.1, --fml.forgeGroup, net.minecraftforge, --fml.mcpVersion, 20230612.114412]
[10Jan2026 13:24:52.174] [main/INFO] [cpw.mods.modlauncher.Launcher/MODLAUNCHER]: ModLauncher 10.0.9+10.0.9+main.dcd20f30 starting: java version 17.0.15 by Eclipse Adoptium; OS Windows 11 arch amd64 version 10.0
[10Jan2026 13:24:52.199] [main/DEBUG] [cpw.mods.modlauncher.LaunchServiceHandler/MODLAUNCHER]: Found launch services [fmlclientdev,forgeclient,minecraft,forgegametestserverdev,fmlserveruserdev,fmlclient,fmldatauserdev,forgeserverdev,forgeserveruserdev,forgeclientdev,forgeclientuserdev,forgeserver,forgedatadev,fmlserver,fmlclientuserdev,fmlserverdev,forgedatauserdev,testharness,forgegametestserveruserdev]
[10Jan2026 13:24:52.209] [main/DEBUG] [cpw.mods.modlauncher.NameMappingServiceHandler/MODLAUNCHER]: Found naming services : [srgtomcp]
[10Jan2026 13:24:52.222] [main/DEBUG] [cpw.mods.modlauncher.LaunchPluginHandler/MODLAUNCHER]: Found launch plugins: [mixin,eventbus,slf4jfixer,object_holder_definalize,runtime_enum_extender,capability_token_subclass,accesstransformer,runtimedistcleaner]
[10Jan2026 13:24:52.238] [main/DEBUG] [cpw.mods.modlauncher.TransformationServicesHandler/MODLAUNCHER]: Discovering transformation services
[10Jan2026 13:24:52.239] [main/DEBUG] [net.minecraftforge.fml.loading.FMLPaths/CORE]: Path GAMEDIR is C:\Users\anosv\Desktop\Minecraft\Nether-Space-1.20.1\run
[10Jan2026 13:24:52.239] [main/DEBUG] [net.minecraftforge.fml.loading.FMLPaths/CORE]: Path MODSDIR is C:\Users\anosv\Desktop\Minecraft\Nether-Space-1.20.1\run\mods
[10Jan2026 13:24:52.245] [main/DEBUG] [net.minecraftforge.fml.loading.FMLPaths/CORE]: Path CONFIGDIR is C:\Users\anosv\Desktop\Minecraft\Nether-Space-1.20.1\run\config
[10Jan2026 13:24:52.245] [main/DEBUG] [net.minecraftforge.fml.loading.FMLPaths/CORE]: Path FMLCONFIG is C:\Users\anosv\Desktop\Minecraft\Nether-Space-1.20.1\run\config\fml.toml
[10Jan2026 13:24:52.279] [main/DEBUG] [cpw.mods.modlauncher.TransformationServicesHandler/MODLAUNCHER]: Found additional transformation services from discovery services: 
[10Jan2026 13:24:52.279] [main/INFO] [net.minecraftforge.fml.loading.ImmediateWindowHandler/]: Loading ImmediateWindowProvider fmlearlywindow
[10Jan2026 13:24:52.365] [main/INFO] [EARLYDISPLAY/]: Trying GL version 4.6
[10Jan2026 13:24:52.549] [main/INFO] [EARLYDISPLAY/]: Requested GL version 4.6 got version 4.6
[10Jan2026 13:24:52.607] [main/DEBUG] [cpw.mods.modlauncher.TransformationServicesHandler/MODLAUNCHER]: Found transformer services : [mixin,fml]
[10Jan2026 13:24:52.609] [main/DEBUG] [cpw.mods.modlauncher.TransformationServicesHandler/MODLAUNCHER]: Transformation services loading
[10Jan2026 13:24:52.609] [main/DEBUG] [cpw.mods.modlauncher.TransformationServiceDecorator/MODLAUNCHER]: Loading service mixin
[10Jan2026 13:24:52.609] [main/DEBUG] [cpw.mods.modlauncher.TransformationServiceDecorator/MODLAUNCHER]: Loaded service mixin
[10Jan2026 13:24:52.609] [main/DEBUG] [cpw.mods.modlauncher.TransformationServiceDecorator/MODLAUNCHER]: Loading service fml
[10Jan2026 13:24:52.609] [main/DEBUG] [net.minecraftforge.fml.loading.LauncherVersion/CORE]: Found FMLLauncher version 1.0
[10Jan2026 13:24:52.609] [main/DEBUG] [net.minecraftforge.fml.loading.FMLLoader/CORE]: FML 1.0 loading
[10Jan2026 13:24:52.609] [main/DEBUG] [net.minecraftforge.fml.loading.FMLLoader/CORE]: FML found ModLauncher version : 10.0.9+10.0.9+main.dcd20f30
[10Jan2026 13:24:52.609] [main/DEBUG] [net.minecraftforge.fml.loading.FMLLoader/CORE]: FML found AccessTransformer version : 8.0.4+66+master.c09db6d7
[10Jan2026 13:24:52.609] [main/DEBUG] [net.minecraftforge.fml.loading.FMLLoader/CORE]: FML found EventBus version : 6.0.5+6.0.5+master.eb8e549b
[10Jan2026 13:24:52.609] [main/DEBUG] [net.minecraftforge.fml.loading.FMLLoader/CORE]: Found Runtime Dist Cleaner
[10Jan2026 13:24:52.609] [main/DEBUG] [net.minecraftforge.fml.loading.FMLLoader/CORE]: FML found CoreMod version : 5.0.1+15+master.dc5a2922
[10Jan2026 13:24:52.614] [main/DEBUG] [net.minecraftforge.fml.loading.FMLLoader/CORE]: Found ForgeSPI package implementation version 7.0.1+7.0.1+master.d2b38bf6
[10Jan2026 13:24:52.614] [main/DEBUG] [net.minecraftforge.fml.loading.FMLLoader/CORE]: Found ForgeSPI package specification 5
[10Jan2026 13:24:52.614] [main/DEBUG] [cpw.mods.modlauncher.TransformationServiceDecorator/MODLAUNCHER]: Loaded service fml
[10Jan2026 13:24:52.614] [main/DEBUG] [cpw.mods.modlauncher.TransformationServicesHandler/MODLAUNCHER]: Configuring option handling for services
[10Jan2026 13:24:52.619] [main/DEBUG] [cpw.mods.modlauncher.TransformationServicesHandler/MODLAUNCHER]: Transformation services initializing
[10Jan2026 13:24:52.621] [main/DEBUG] [cpw.mods.modlauncher.TransformationServiceDecorator/MODLAUNCHER]: Initializing transformation service mixin
[10Jan2026 13:24:52.633] [main/DEBUG] [mixin/]: MixinService [ModLauncher] was successfully booted in cpw.mods.cl.ModuleClassLoader@5a63f509
[10Jan2026 13:24:52.671] [main/INFO] [mixin/]: SpongePowered MIXIN Subsystem Version=0.8.5 Source=union:/C:/Users/anosv/.gradle/caches/modules-2/files-2.1/org.spongepowered/mixin/0.8.5/9d1c0c3a304ae6697ecd477218fa61b850bf57fc/mixin-0.8.5.jar%23128!/ Service=ModLauncher Env=CLIENT
[10Jan2026 13:24:52.679] [main/DEBUG] [mixin/]: Initialising Mixin Platform Manager
[10Jan2026 13:24:52.679] [main/DEBUG] [mixin/]: Adding mixin platform agents for container ModLauncher Root Container(ModLauncher:4f56a0a2)
[10Jan2026 13:24:52.679] [main/DEBUG] [mixin/]: Instancing new MixinPlatformAgentMinecraftForge for ModLauncher Root Container(ModLauncher:4f56a0a2)
[10Jan2026 13:24:52.679] [main/DEBUG] [mixin/]: MixinPlatformAgentMinecraftForge rejected container ModLauncher Root Container(ModLauncher:4f56a0a2)
[10Jan2026 13:24:52.681] [main/DEBUG] [mixin/]: Instancing new MixinPlatformAgentDefault for ModLauncher Root Container(ModLauncher:4f56a0a2)
[10Jan2026 13:24:52.681] [main/DEBUG] [mixin/]: MixinPlatformAgentDefault accepted container ModLauncher Root Container(ModLauncher:4f56a0a2)
[10Jan2026 13:24:52.685] [main/DEBUG] [cpw.mods.modlauncher.TransformationServiceDecorator/MODLAUNCHER]: Initialized transformation service mixin
[10Jan2026 13:24:52.687] [main/DEBUG] [cpw.mods.modlauncher.TransformationServiceDecorator/MODLAUNCHER]: Initializing transformation service fml
[10Jan2026 13:24:52.687] [main/DEBUG] [net.minecraftforge.fml.loading.FMLServiceProvider/CORE]: Setting up basic FML game directories
[10Jan2026 13:24:52.687] [main/DEBUG] [net.minecraftforge.fml.loading.FMLPaths/CORE]: Path GAMEDIR is C:\Users\anosv\Desktop\Minecraft\Nether-Space-1.20.1\run
[10Jan2026 13:24:52.687] [main/DEBUG] [net.minecraftforge.fml.loading.FMLPaths/CORE]: Path MODSDIR is C:\Users\anosv\Desktop\Minecraft\Nether-Space-1.20.1\run\mods
[10Jan2026 13:24:52.689] [main/DEBUG] [net.minecraftforge.fml.loading.FMLPaths/CORE]: Path CONFIGDIR is C:\Users\anosv\Desktop\Minecraft\Nether-Space-1.20.1\run\config
[10Jan2026 13:24:52.689] [main/DEBUG] [net.minecraftforge.fml.loading.FMLPaths/CORE]: Path FMLCONFIG is C:\Users\anosv\Desktop\Minecraft\Nether-Space-1.20.1\run\config\fml.toml
[10Jan2026 13:24:52.689] [main/DEBUG] [net.minecraftforge.fml.loading.FMLServiceProvider/CORE]: Loading configuration
[10Jan2026 13:24:52.691] [main/DEBUG] [net.minecraftforge.fml.loading.FMLServiceProvider/CORE]: Preparing ModFile
[10Jan2026 13:24:52.698] [main/DEBUG] [net.minecraftforge.fml.loading.FMLServiceProvider/CORE]: Preparing launch handler
[10Jan2026 13:24:52.699] [main/DEBUG] [net.minecraftforge.fml.loading.FMLLoader/CORE]: Using forgeclientuserdev as launch service
[10Jan2026 13:24:52.709] [main/DEBUG] [net.minecraftforge.fml.loading.FMLLoader/CORE]: Received command line version data  : VersionInfo[forgeVersion=47.1.3, mcVersion=1.20.1, mcpVersion=20230612.114412, forgeGroup=net.minecraftforge]
[10Jan2026 13:24:52.716] [main/DEBUG] [cpw.mods.modlauncher.TransformationServiceDecorator/MODLAUNCHER]: Initialized transformation service fml
[10Jan2026 13:24:52.716] [main/DEBUG] [cpw.mods.modlauncher.NameMappingServiceHandler/MODLAUNCHER]: Current naming domain is 'mcp'
[10Jan2026 13:24:52.716] [main/DEBUG] [cpw.mods.modlauncher.NameMappingServiceHandler/MODLAUNCHER]: Identified name mapping providers {srg=srgtomcp:1234}
[10Jan2026 13:24:52.716] [main/DEBUG] [cpw.mods.modlauncher.TransformationServicesHandler/MODLAUNCHER]: Transformation services begin scanning
[10Jan2026 13:24:52.716] [main/DEBUG] [cpw.mods.modlauncher.TransformationServiceDecorator/MODLAUNCHER]: Beginning scan trigger - transformation service mixin
[10Jan2026 13:24:52.719] [main/DEBUG] [cpw.mods.modlauncher.TransformationServiceDecorator/MODLAUNCHER]: End scan trigger - transformation service mixin
[10Jan2026 13:24:52.719] [main/DEBUG] [cpw.mods.modlauncher.TransformationServiceDecorator/MODLAUNCHER]: Beginning scan trigger - transformation service fml
[10Jan2026 13:24:52.719] [main/DEBUG] [net.minecraftforge.fml.loading.FMLServiceProvider/CORE]: Initiating mod scan
[10Jan2026 13:24:52.739] [main/DEBUG] [net.minecraftforge.fml.loading.moddiscovery.ModListHandler/CORE]: Found mod coordinates from lists: []
[10Jan2026 13:24:52.741] [main/DEBUG] [net.minecraftforge.fml.loading.moddiscovery.ModDiscoverer/CORE]: Found Mod Locators : (mods folder:null),(maven libs:null),(exploded directory:null),(minecraft:null),(userdev classpath:null)
[10Jan2026 13:24:52.741] [main/DEBUG] [net.minecraftforge.fml.loading.moddiscovery.ModDiscoverer/CORE]: Found Dependency Locators : (JarInJar:null)
[10Jan2026 13:24:52.752] [main/DEBUG] [net.minecraftforge.fml.loading.targets.CommonLaunchHandler/CORE]: Got mod coordinates netherspace%%C:\Users\anosv\Desktop\Minecraft\Nether-Space-1.20.1\build\resources\main;netherspace%%C:\Users\anosv\Desktop\Minecraft\Nether-Space-1.20.1\build\classes\java\main from env
[10Jan2026 13:24:52.752] [main/DEBUG] [net.minecraftforge.fml.loading.targets.CommonLaunchHandler/CORE]: Found supplied mod coordinates [{netherspace=[C:\Users\anosv\Desktop\Minecraft\Nether-Space-1.20.1\build\resources\main, C:\Users\anosv\Desktop\Minecraft\Nether-Space-1.20.1\build\classes\java\main]}]
[10Jan2026 13:24:52.759] [pool-2-thread-1/INFO] [EARLYDISPLAY/]: GL info: NVIDIA GeForce RTX 4060/PCIe/SSE2 GL version 4.6.0 NVIDIA 591.74, NVIDIA Corporation
[10Jan2026 13:24:52.994] [main/DEBUG] [net.minecraftforge.fml.loading.moddiscovery.ModFileInfo/LOADING]: Found valid mod file forge-1.20.1-47.1.3_mapped_parchment_2023.06.26-1.20.1-recomp.jar with {minecraft} mods - versions {1.20.1}
[10Jan2026 13:24:52.999] [main/DEBUG] [net.minecraftforge.fml.loading.moddiscovery.ModFileParser/LOADING]: Considering mod file candidate C:\Users\anosv\.gradle\caches\modules-2\files-2.1\net.minecraftforge\javafmllanguage\1.20.1-47.1.3\9775dc3f284cdb3e0d33b372c328c6ef88e434b0\javafmllanguage-1.20.1-47.1.3.jar
[10Jan2026 13:24:52.999] [main/WARN] [net.minecraftforge.fml.loading.moddiscovery.ModFileParser/LOADING]: Mod file C:\Users\anosv\.gradle\caches\modules-2\files-2.1\net.minecraftforge\javafmllanguage\1.20.1-47.1.3\9775dc3f284cdb3e0d33b372c328c6ef88e434b0\javafmllanguage-1.20.1-47.1.3.jar is missing mods.toml file
[10Jan2026 13:24:53.001] [main/DEBUG] [net.minecraftforge.fml.loading.moddiscovery.ModFileParser/LOADING]: Considering mod file candidate C:\Users\anosv\.gradle\caches\modules-2\files-2.1\net.minecraftforge\lowcodelanguage\1.20.1-47.1.3\d785f4087ec3be094fd5aed801f5366ca958a81b\lowcodelanguage-1.20.1-47.1.3.jar
[10Jan2026 13:24:53.001] [main/WARN] [net.minecraftforge.fml.loading.moddiscovery.ModFileParser/LOADING]: Mod file C:\Users\anosv\.gradle\caches\modules-2\files-2.1\net.minecraftforge\lowcodelanguage\1.20.1-47.1.3\d785f4087ec3be094fd5aed801f5366ca958a81b\lowcodelanguage-1.20.1-47.1.3.jar is missing mods.toml file
[10Jan2026 13:24:53.011] [main/DEBUG] [net.minecraftforge.fml.loading.moddiscovery.ModFileParser/LOADING]: Considering mod file candidate C:\Users\anosv\.gradle\caches\modules-2\files-2.1\net.minecraftforge\mclanguage\1.20.1-47.1.3\be60c45f3578cdf944a669c6ea16fd91bec50f2e\mclanguage-1.20.1-47.1.3.jar
[10Jan2026 13:24:53.011] [main/WARN] [net.minecraftforge.fml.loading.moddiscovery.ModFileParser/LOADING]: Mod file C:\Users\anosv\.gradle\caches\modules-2\files-2.1\net.minecraftforge\mclanguage\1.20.1-47.1.3\be60c45f3578cdf944a669c6ea16fd91bec50f2e\mclanguage-1.20.1-47.1.3.jar is missing mods.toml file
[10Jan2026 13:24:53.016] [main/DEBUG] [net.minecraftforge.fml.loading.moddiscovery.ModFileParser/LOADING]: Considering mod file candidate C:\Users\anosv\.gradle\caches\modules-2\files-2.1\net.minecraftforge\fmlcore\1.20.1-47.1.3\1aadc0201d8e97b107d9978c7fe066bb54bbb9dc\fmlcore-1.20.1-47.1.3.jar
[10Jan2026 13:24:53.016] [main/WARN] [net.minecraftforge.fml.loading.moddiscovery.ModFileParser/LOADING]: Mod file C:\Users\anosv\.gradle\caches\modules-2\files-2.1\net.minecraftforge\fmlcore\1.20.1-47.1.3\1aadc0201d8e97b107d9978c7fe066bb54bbb9dc\fmlcore-1.20.1-47.1.3.jar is missing mods.toml file
[10Jan2026 13:24:53.019] [main/DEBUG] [net.minecraftforge.fml.loading.moddiscovery.ModFileParser/LOADING]: Considering mod file candidate C:\Users\anosv\Desktop\Minecraft\Nether-Space-1.20.1\build\resources\main
[10Jan2026 13:24:53.030] [main/DEBUG] [net.minecraftforge.fml.loading.moddiscovery.ModFileInfo/LOADING]: Found valid mod file main with {netherspace} mods - versions {0.3-1.20.1}
[10Jan2026 13:24:53.030] [main/DEBUG] [net.minecraftforge.fml.loading.moddiscovery.ModFileParser/LOADING]: Considering mod file candidate /
[10Jan2026 13:24:53.030] [main/DEBUG] [net.minecraftforge.fml.loading.moddiscovery.ModFileInfo/LOADING]: Found valid mod file  with {forge} mods - versions {47.1.3}
[10Jan2026 13:24:53.051] [main/DEBUG] [net.minecraftforge.fml.loading.moddiscovery.ModFileParser/LOADING]: Considering mod file candidate C:\Users\anosv\.gradle\caches\forge_gradle\deobf_dependencies\com\github\glitchfiend\TerraBlender-forge\1.20.1-3.0.0.169_mapped_parchment_2023.06.26-1.20.1\TerraBlender-forge-1.20.1-3.0.0.169_mapped_parchment_2023.06.26-1.20.1.jar
[10Jan2026 13:24:53.057] [main/DEBUG] [net.minecraftforge.fml.loading.moddiscovery.ModFileInfo/LOADING]: Found valid mod file TerraBlender-forge-1.20.1-3.0.0.169_mapped_parchment_2023.06.26-1.20.1.jar with {terrablender} mods - versions {3.0.0.169}
[10Jan2026 13:24:53.063] [main/DEBUG] [net.minecraftforge.fml.loading.moddiscovery.ModFileParser/LOADING]: Considering mod file candidate C:\Users\anosv\.gradle\caches\forge_gradle\deobf_dependencies\mezz\jei\jei-1.20.1-forge\15.8.2.26_mapped_parchment_2023.06.26-1.20.1\jei-1.20.1-forge-15.8.2.26_mapped_parchment_2023.06.26-1.20.1.jar
[10Jan2026 13:24:53.065] [main/DEBUG] [net.minecraftforge.fml.loading.moddiscovery.ModFileInfo/LOADING]: Found valid mod file jei-1.20.1-forge-15.8.2.26_mapped_parchment_2023.06.26-1.20.1.jar with {jei} mods - versions {15.8.2.26}
[10Jan2026 13:24:53.069] [main/DEBUG] [net.minecraftforge.fml.loading.moddiscovery.ModFileParser/LOADING]: Considering mod file candidate C:\Users\anosv\.gradle\caches\forge_gradle\deobf_dependencies\com\github\glitchfiend\TerraBlender-forge\1.20.1-3.0.0.169_mapped_parchment_2023.06.26-1.20.1\TerraBlender-forge-1.20.1-3.0.0.169_mapped_parchment_2023.06.26-1.20.1.jar
[10Jan2026 13:24:53.069] [main/DEBUG] [net.minecraftforge.fml.loading.moddiscovery.ModFileInfo/LOADING]: Found valid mod file TerraBlender-forge-1.20.1-3.0.0.169_mapped_parchment_2023.06.26-1.20.1.jar with {terrablender} mods - versions {3.0.0.169}
[10Jan2026 13:24:53.073] [main/DEBUG] [net.minecraftforge.fml.loading.moddiscovery.ModFileParser/LOADING]: Considering mod file candidate C:\Users\anosv\.gradle\caches\forge_gradle\deobf_dependencies\mezz\jei\jei-1.20.1-forge\15.8.2.26_mapped_parchment_2023.06.26-1.20.1\jei-1.20.1-forge-15.8.2.26_mapped_parchment_2023.06.26-1.20.1.jar
[10Jan2026 13:24:53.073] [main/DEBUG] [net.minecraftforge.fml.loading.moddiscovery.ModFileInfo/LOADING]: Found valid mod file jei-1.20.1-forge-15.8.2.26_mapped_parchment_2023.06.26-1.20.1.jar with {jei} mods - versions {15.8.2.26}
[10Jan2026 13:24:53.079] [main/DEBUG] [net.minecraftforge.fml.loading.UniqueModListBuilder/]: Found 2 mods for first modid terrablender, selecting most recent based on version data
[10Jan2026 13:24:53.084] [main/DEBUG] [net.minecraftforge.fml.loading.UniqueModListBuilder/]: Selected file TerraBlender-forge-1.20.1-3.0.0.169_mapped_parchment_2023.06.26-1.20.1.jar for modid terrablender with version 3.0.0.169
[10Jan2026 13:24:53.084] [main/DEBUG] [net.minecraftforge.fml.loading.UniqueModListBuilder/]: Found 2 mods for first modid jei, selecting most recent based on version data
[10Jan2026 13:24:53.084] [main/DEBUG] [net.minecraftforge.fml.loading.UniqueModListBuilder/]: Selected file jei-1.20.1-forge-15.8.2.26_mapped_parchment_2023.06.26-1.20.1.jar for modid jei with version 15.8.2.26
[10Jan2026 13:24:53.089] [main/DEBUG] [net.minecraftforge.fml.loading.moddiscovery.AbstractJarFileDependencyLocator/]: Failed to load resource META-INF\jarjar\metadata.json from forge-1.20.1-47.1.3_mapped_parchment_2023.06.26-1.20.1-recomp.jar, it does not contain dependency information.
[10Jan2026 13:24:53.089] [main/DEBUG] [net.minecraftforge.fml.loading.moddiscovery.AbstractJarFileDependencyLocator/]: Failed to load resource META-INF\jarjar\metadata.json from TerraBlender-forge-1.20.1-3.0.0.169_mapped_parchment_2023.06.26-1.20.1.jar, it does not contain dependency information.
[10Jan2026 13:24:53.089] [main/DEBUG] [net.minecraftforge.fml.loading.moddiscovery.AbstractJarFileDependencyLocator/]: Failed to load resource META-INF\jarjar\metadata.json from , it does not contain dependency information.
[10Jan2026 13:24:53.089] [main/DEBUG] [net.minecraftforge.fml.loading.moddiscovery.AbstractJarFileDependencyLocator/]: Failed to load resource META-INF\jarjar\metadata.json from jei-1.20.1-forge-15.8.2.26_mapped_parchment_2023.06.26-1.20.1.jar, it does not contain dependency information.
[10Jan2026 13:24:53.089] [main/DEBUG] [net.minecraftforge.fml.loading.moddiscovery.AbstractJarFileDependencyLocator/]: Failed to load resource META-INF\jarjar\metadata.json from main, it does not contain dependency information.
[10Jan2026 13:24:53.089] [main/DEBUG] [net.minecraftforge.fml.loading.moddiscovery.AbstractJarFileDependencyLocator/]: Failed to load resource META-INF\jarjar\metadata.json from mclanguage-1.20.1-47.1.3.jar, it does not contain dependency information.
[10Jan2026 13:24:53.089] [main/DEBUG] [net.minecraftforge.fml.loading.moddiscovery.AbstractJarFileDependencyLocator/]: Failed to load resource META-INF\jarjar\metadata.json from javafmllanguage-1.20.1-47.1.3.jar, it does not contain dependency information.
[10Jan2026 13:24:53.089] [main/DEBUG] [net.minecraftforge.fml.loading.moddiscovery.AbstractJarFileDependencyLocator/]: Failed to load resource META-INF\jarjar\metadata.json from fmlcore-1.20.1-47.1.3.jar, it does not contain dependency information.
[10Jan2026 13:24:53.089] [main/DEBUG] [net.minecraftforge.fml.loading.moddiscovery.AbstractJarFileDependencyLocator/]: Failed to load resource META-INF\jarjar\metadata.json from lowcodelanguage-1.20.1-47.1.3.jar, it does not contain dependency information.
[10Jan2026 13:24:53.119] [main/INFO] [net.minecraftforge.fml.loading.moddiscovery.JarInJarDependencyLocator/]: No dependencies to load found. Skipping!
[10Jan2026 13:24:53.122] [main/DEBUG] [net.minecraftforge.fml.loading.moddiscovery.ModFileInfo/LOADING]: Found valid mod file forge-1.20.1-47.1.3_mapped_parchment_2023.06.26-1.20.1-recomp.jar with {minecraft} mods - versions {1.20.1}
[10Jan2026 13:24:53.122] [main/DEBUG] [net.minecraftforge.fml.loading.moddiscovery.ModFile/LOADING]: Loading mod file C:\Users\anosv\.gradle\caches\forge_gradle\minecraft_user_repo\net\minecraftforge\forge\1.20.1-47.1.3_mapped_parchment_2023.06.26-1.20.1\forge-1.20.1-47.1.3_mapped_parchment_2023.06.26-1.20.1-recomp.jar with languages [LanguageSpec[languageName=minecraft, acceptedVersions=1]]
[10Jan2026 13:24:53.126] [main/DEBUG] [net.minecraftforge.fml.loading.moddiscovery.ModFileParser/LOADING]: Considering mod file candidate C:\Users\anosv\.gradle\caches\forge_gradle\deobf_dependencies\com\github\glitchfiend\TerraBlender-forge\1.20.1-3.0.0.169_mapped_parchment_2023.06.26-1.20.1\TerraBlender-forge-1.20.1-3.0.0.169_mapped_parchment_2023.06.26-1.20.1.jar
[10Jan2026 13:24:53.128] [main/DEBUG] [net.minecraftforge.fml.loading.moddiscovery.ModFileInfo/LOADING]: Found valid mod file TerraBlender-forge-1.20.1-3.0.0.169_mapped_parchment_2023.06.26-1.20.1.jar with {terrablender} mods - versions {3.0.0.169}
[10Jan2026 13:24:53.129] [main/DEBUG] [net.minecraftforge.fml.loading.moddiscovery.ModFile/LOADING]: Loading mod file C:\Users\anosv\.gradle\caches\forge_gradle\deobf_dependencies\com\github\glitchfiend\TerraBlender-forge\1.20.1-3.0.0.169_mapped_parchment_2023.06.26-1.20.1\TerraBlender-forge-1.20.1-3.0.0.169_mapped_parchment_2023.06.26-1.20.1.jar with languages [LanguageSpec[languageName=javafml, acceptedVersions=[47,)]]
[10Jan2026 13:24:53.129] [main/DEBUG] [net.minecraftforge.fml.loading.moddiscovery.ModFileParser/LOADING]: Considering mod file candidate /
[10Jan2026 13:24:53.129] [main/DEBUG] [net.minecraftforge.fml.loading.moddiscovery.ModFileInfo/LOADING]: Found valid mod file  with {forge} mods - versions {47.1.3}
[10Jan2026 13:24:53.129] [main/DEBUG] [net.minecraftforge.fml.loading.moddiscovery.ModFile/LOADING]: Loading mod file / with languages [LanguageSpec[languageName=javafml, acceptedVersions=[24,]]]
[10Jan2026 13:24:53.194] [main/DEBUG] [net.minecraftforge.fml.loading.moddiscovery.ModFileParser/LOADING]: Found coremod field_to_method with Javascript path coremods/field_to_method.js
[10Jan2026 13:24:53.194] [main/DEBUG] [net.minecraftforge.fml.loading.moddiscovery.ModFileParser/LOADING]: Found coremod field_to_instanceof with Javascript path coremods/field_to_instanceof.js
[10Jan2026 13:24:53.194] [main/DEBUG] [net.minecraftforge.fml.loading.moddiscovery.ModFileParser/LOADING]: Found coremod add_bouncer_method with Javascript path coremods/add_bouncer_method.js
[10Jan2026 13:24:53.194] [main/DEBUG] [net.minecraftforge.fml.loading.moddiscovery.ModFileParser/LOADING]: Found coremod method_redirector with Javascript path coremods/method_redirector.js
[10Jan2026 13:24:53.199] [main/DEBUG] [net.minecraftforge.fml.loading.moddiscovery.ModFile/LOADING]: Found coremod coremods/field_to_method.js
[10Jan2026 13:24:53.199] [main/DEBUG] [net.minecraftforge.fml.loading.moddiscovery.ModFile/LOADING]: Found coremod coremods/field_to_instanceof.js
[10Jan2026 13:24:53.199] [main/DEBUG] [net.minecraftforge.fml.loading.moddiscovery.ModFile/LOADING]: Found coremod coremods/add_bouncer_method.js
[10Jan2026 13:24:53.199] [main/DEBUG] [net.minecraftforge.fml.loading.moddiscovery.ModFile/LOADING]: Found coremod coremods/method_redirector.js
[10Jan2026 13:24:53.199] [main/DEBUG] [net.minecraftforge.fml.loading.moddiscovery.ModFileParser/LOADING]: Considering mod file candidate C:\Users\anosv\Desktop\Minecraft\Nether-Space-1.20.1\build\resources\main
[10Jan2026 13:24:53.201] [main/DEBUG] [net.minecraftforge.fml.loading.moddiscovery.ModFileInfo/LOADING]: Found valid mod file main with {netherspace} mods - versions {0.3-1.20.1}
[10Jan2026 13:24:53.201] [main/DEBUG] [net.minecraftforge.fml.loading.moddiscovery.ModFile/LOADING]: Loading mod file C:\Users\anosv\Desktop\Minecraft\Nether-Space-1.20.1\build\resources\main with languages [LanguageSpec[languageName=javafml, acceptedVersions=[47,)]]
[10Jan2026 13:24:53.201] [main/DEBUG] [net.minecraftforge.fml.loading.moddiscovery.ModFileParser/LOADING]: Considering mod file candidate C:\Users\anosv\.gradle\caches\forge_gradle\deobf_dependencies\mezz\jei\jei-1.20.1-forge\15.8.2.26_mapped_parchment_2023.06.26-1.20.1\jei-1.20.1-forge-15.8.2.26_mapped_parchment_2023.06.26-1.20.1.jar
[10Jan2026 13:24:53.201] [main/DEBUG] [net.minecraftforge.fml.loading.moddiscovery.ModFileInfo/LOADING]: Found valid mod file jei-1.20.1-forge-15.8.2.26_mapped_parchment_2023.06.26-1.20.1.jar with {jei} mods - versions {15.8.2.26}
[10Jan2026 13:24:53.201] [main/DEBUG] [net.minecraftforge.fml.loading.moddiscovery.ModFile/LOADING]: Loading mod file C:\Users\anosv\.gradle\caches\forge_gradle\deobf_dependencies\mezz\jei\jei-1.20.1-forge\15.8.2.26_mapped_parchment_2023.06.26-1.20.1\jei-1.20.1-forge-15.8.2.26_mapped_parchment_2023.06.26-1.20.1.jar with languages [LanguageSpec[languageName=javafml, acceptedVersions=[47,)]]
[10Jan2026 13:24:53.201] [main/DEBUG] [cpw.mods.modlauncher.TransformationServiceDecorator/MODLAUNCHER]: End scan trigger - transformation service fml
[10Jan2026 13:24:53.209] [main/DEBUG] [net.minecraftforge.fml.loading.LanguageLoadingProvider/CORE]: Found 3 language providers
[10Jan2026 13:24:53.209] [main/DEBUG] [net.minecraftforge.fml.loading.LanguageLoadingProvider/CORE]: Found language provider minecraft, version 1.0
[10Jan2026 13:24:53.216] [main/DEBUG] [net.minecraftforge.fml.loading.LanguageLoadingProvider/CORE]: Found language provider lowcodefml, version 47
[10Jan2026 13:24:53.216] [main/DEBUG] [net.minecraftforge.fml.loading.LanguageLoadingProvider/CORE]: Found language provider javafml, version 47
[10Jan2026 13:24:53.219] [main/DEBUG] [net.minecraftforge.fml.loading.ModSorter/]: Configured system mods: [minecraft, forge]
[10Jan2026 13:24:53.219] [main/DEBUG] [net.minecraftforge.fml.loading.ModSorter/]: Found system mod: minecraft
[10Jan2026 13:24:53.219] [main/DEBUG] [net.minecraftforge.fml.loading.ModSorter/]: Found system mod: forge
[10Jan2026 13:24:53.219] [main/DEBUG] [net.minecraftforge.fml.loading.ModSorter/LOADING]: Found 6 mod requirements (6 mandatory, 0 optional)
[10Jan2026 13:24:53.219] [main/DEBUG] [net.minecraftforge.fml.loading.ModSorter/LOADING]: Found 0 mod requirements missing (0 mandatory, 0 optional)
[10Jan2026 13:24:53.581] [main/DEBUG] [net.minecraftforge.fml.loading.MCPNamingService/CORE]: Loaded 34315 method mappings from methods.csv
[10Jan2026 13:24:53.611] [main/DEBUG] [net.minecraftforge.fml.loading.MCPNamingService/CORE]: Loaded 31011 field mappings from fields.csv
[10Jan2026 13:24:53.658] [main/DEBUG] [cpw.mods.modlauncher.TransformationServicesHandler/MODLAUNCHER]: Transformation services loading transformers
[10Jan2026 13:24:53.658] [main/DEBUG] [cpw.mods.modlauncher.TransformationServiceDecorator/MODLAUNCHER]: Initializing transformers for transformation service mixin
[10Jan2026 13:24:53.658] [main/DEBUG] [cpw.mods.modlauncher.TransformationServiceDecorator/MODLAUNCHER]: Initialized transformers for transformation service mixin
[10Jan2026 13:24:53.659] [main/DEBUG] [cpw.mods.modlauncher.TransformationServiceDecorator/MODLAUNCHER]: Initializing transformers for transformation service fml
[10Jan2026 13:24:53.659] [main/DEBUG] [net.minecraftforge.fml.loading.FMLServiceProvider/CORE]: Loading coremod transformers
[10Jan2026 13:24:53.659] [main/DEBUG] [net.minecraftforge.coremod.CoreModEngine/COREMOD]: Loading CoreMod from coremods/field_to_method.js
[10Jan2026 13:24:53.789] [main/DEBUG] [net.minecraftforge.coremod.CoreModEngine/COREMOD]: CoreMod loaded successfully
[10Jan2026 13:24:53.789] [main/DEBUG] [net.minecraftforge.coremod.CoreModEngine/COREMOD]: Loading CoreMod from coremods/field_to_instanceof.js
[10Jan2026 13:24:53.834] [main/DEBUG] [net.minecraftforge.coremod.CoreModEngine/COREMOD]: CoreMod loaded successfully
[10Jan2026 13:24:53.834] [main/DEBUG] [net.minecraftforge.coremod.CoreModEngine/COREMOD]: Loading CoreMod from coremods/add_bouncer_method.js
[10Jan2026 13:24:53.863] [main/DEBUG] [net.minecraftforge.coremod.CoreModEngine/COREMOD]: CoreMod loaded successfully
[10Jan2026 13:24:53.863] [main/DEBUG] [net.minecraftforge.coremod.CoreModEngine/COREMOD]: Loading CoreMod from coremods/method_redirector.js
[10Jan2026 13:24:53.913] [main/DEBUG] [net.minecraftforge.coremod.CoreModEngine/COREMOD]: CoreMod loaded successfully
[10Jan2026 13:24:53.923] [main/DEBUG] [cpw.mods.modlauncher.TransformStore/MODLAUNCHER]: Adding transformer net.minecraftforge.coremod.transformer.CoreModClassTransformer@6993c8df to Target : CLASS {Lnet/minecraft/world/level/biome/Biome;} {} {V}
[10Jan2026 13:24:53.925] [main/DEBUG] [cpw.mods.modlauncher.TransformStore/MODLAUNCHER]: Adding transformer net.minecraftforge.coremod.transformer.CoreModClassTransformer@411a5965 to Target : CLASS {Lnet/minecraft/world/level/levelgen/structure/Structure;} {} {V}
[10Jan2026 13:24:53.925] [main/DEBUG] [cpw.mods.modlauncher.TransformStore/MODLAUNCHER]: Adding transformer net.minecraftforge.coremod.transformer.CoreModClassTransformer@4fe533ff to Target : CLASS {Lnet/minecraft/world/effect/MobEffectInstance;} {} {V}
[10Jan2026 13:24:53.925] [main/DEBUG] [cpw.mods.modlauncher.TransformStore/MODLAUNCHER]: Adding transformer net.minecraftforge.coremod.transformer.CoreModClassTransformer@5377414a to Target : CLASS {Lnet/minecraft/world/level/block/LiquidBlock;} {} {V}
[10Jan2026 13:24:53.925] [main/DEBUG] [cpw.mods.modlauncher.TransformStore/MODLAUNCHER]: Adding transformer net.minecraftforge.coremod.transformer.CoreModClassTransformer@4e83a98 to Target : CLASS {Lnet/minecraft/world/item/BucketItem;} {} {V}
[10Jan2026 13:24:53.925] [main/DEBUG] [cpw.mods.modlauncher.TransformStore/MODLAUNCHER]: Adding transformer net.minecraftforge.coremod.transformer.CoreModClassTransformer@17aa8a11 to Target : CLASS {Lnet/minecraft/world/level/block/StairBlock;} {} {V}
[10Jan2026 13:24:53.925] [main/DEBUG] [cpw.mods.modlauncher.TransformStore/MODLAUNCHER]: Adding transformer net.minecraftforge.coremod.transformer.CoreModClassTransformer@71b639d0 to Target : CLASS {Lnet/minecraft/world/level/block/FlowerPotBlock;} {} {V}
[10Jan2026 13:24:53.925] [main/DEBUG] [cpw.mods.modlauncher.TransformStore/MODLAUNCHER]: Adding transformer net.minecraftforge.coremod.transformer.CoreModClassTransformer@18a25bbd to Target : CLASS {Lnet/minecraft/world/item/ItemStack;} {} {V}
[10Jan2026 13:24:53.925] [main/DEBUG] [cpw.mods.modlauncher.TransformStore/MODLAUNCHER]: Adding transformer net.minecraftforge.coremod.transformer.CoreModClassTransformer@5d5b9ecb to Target : CLASS {Lnet/minecraft/network/play/client/CClientSettingsPacket;} {} {V}
[10Jan2026 13:24:53.925] [main/DEBUG] [cpw.mods.modlauncher.TransformStore/MODLAUNCHER]: Adding transformer net.minecraftforge.coremod.transformer.CoreModClassTransformer@1ee27d73 to Target : CLASS {Lnet/minecraft/world/entity/npc/CatSpawner;} {} {V}
[10Jan2026 13:24:53.925] [main/DEBUG] [cpw.mods.modlauncher.TransformStore/MODLAUNCHER]: Adding transformer net.minecraftforge.coremod.transformer.CoreModClassTransformer@1ee27d73 to Target : CLASS {Lnet/minecraft/world/entity/ai/village/VillageSiege;} {} {V}
[10Jan2026 13:24:53.927] [main/DEBUG] [cpw.mods.modlauncher.TransformStore/MODLAUNCHER]: Adding transformer net.minecraftforge.coremod.transformer.CoreModClassTransformer@1ee27d73 to Target : CLASS {Lnet/minecraft/world/entity/animal/horse/SkeletonTrapGoal;} {} {V}
[10Jan2026 13:24:53.927] [main/DEBUG] [cpw.mods.modlauncher.TransformStore/MODLAUNCHER]: Adding transformer net.minecraftforge.coremod.transformer.CoreModClassTransformer@1ee27d73 to Target : CLASS {Lnet/minecraft/world/level/levelgen/structure/structures/OceanRuinPieces$OceanRuinPiece;} {} {V}
[10Jan2026 13:24:53.927] [main/DEBUG] [cpw.mods.modlauncher.TransformStore/MODLAUNCHER]: Adding transformer net.minecraftforge.coremod.transformer.CoreModClassTransformer@1ee27d73 to Target : CLASS {Lnet/minecraft/world/level/levelgen/PatrolSpawner;} {} {V}
[10Jan2026 13:24:53.927] [main/DEBUG] [cpw.mods.modlauncher.TransformStore/MODLAUNCHER]: Adding transformer net.minecraftforge.coremod.transformer.CoreModClassTransformer@1ee27d73 to Target : CLASS {Lnet/minecraft/world/level/levelgen/structure/structures/OceanMonumentPieces$OceanMonumentPiece;} {} {V}
[10Jan2026 13:24:53.927] [main/DEBUG] [cpw.mods.modlauncher.TransformStore/MODLAUNCHER]: Adding transformer net.minecraftforge.coremod.transformer.CoreModClassTransformer@1ee27d73 to Target : CLASS {Lnet/minecraft/world/entity/monster/Zombie;} {} {V}
[10Jan2026 13:24:53.927] [main/DEBUG] [cpw.mods.modlauncher.TransformStore/MODLAUNCHER]: Adding transformer net.minecraftforge.coremod.transformer.CoreModClassTransformer@1ee27d73 to Target : CLASS {Lnet/minecraft/world/entity/npc/Villager;} {} {V}
[10Jan2026 13:24:53.927] [main/DEBUG] [cpw.mods.modlauncher.TransformStore/MODLAUNCHER]: Adding transformer net.minecraftforge.coremod.transformer.CoreModClassTransformer@1ee27d73 to Target : CLASS {Lnet/minecraft/world/level/levelgen/structure/templatesystem/StructureTemplate;} {} {V}
[10Jan2026 13:24:53.927] [main/DEBUG] [cpw.mods.modlauncher.TransformStore/MODLAUNCHER]: Adding transformer net.minecraftforge.coremod.transformer.CoreModClassTransformer@1ee27d73 to Target : CLASS {Lnet/minecraft/world/entity/animal/frog/Tadpole;} {} {V}
[10Jan2026 13:24:53.927] [main/DEBUG] [cpw.mods.modlauncher.TransformStore/MODLAUNCHER]: Adding transformer net.minecraftforge.coremod.transformer.CoreModClassTransformer@1ee27d73 to Target : CLASS {Lnet/minecraft/world/entity/monster/Evoker$EvokerSummonSpellGoal;} {} {V}
[10Jan2026 13:24:53.927] [main/DEBUG] [cpw.mods.modlauncher.TransformStore/MODLAUNCHER]: Adding transformer net.minecraftforge.coremod.transformer.CoreModClassTransformer@1ee27d73 to Target : CLASS {Lnet/minecraft/world/entity/monster/Spider;} {} {V}
[10Jan2026 13:24:53.927] [main/DEBUG] [cpw.mods.modlauncher.TransformStore/MODLAUNCHER]: Adding transformer net.minecraftforge.coremod.transformer.CoreModClassTransformer@1ee27d73 to Target : CLASS {Lnet/minecraft/world/entity/EntityType;} {} {V}
[10Jan2026 13:24:53.927] [main/DEBUG] [cpw.mods.modlauncher.TransformStore/MODLAUNCHER]: Adding transformer net.minecraftforge.coremod.transformer.CoreModClassTransformer@1ee27d73 to Target : CLASS {Lnet/minecraft/world/level/NaturalSpawner;} {} {V}
[10Jan2026 13:24:53.927] [main/DEBUG] [cpw.mods.modlauncher.TransformStore/MODLAUNCHER]: Adding transformer net.minecraftforge.coremod.transformer.CoreModClassTransformer@1ee27d73 to Target : CLASS {Lnet/minecraft/server/commands/RaidCommand;} {} {V}
[10Jan2026 13:24:53.927] [main/DEBUG] [cpw.mods.modlauncher.TransformStore/MODLAUNCHER]: Adding transformer net.minecraftforge.coremod.transformer.CoreModClassTransformer@1ee27d73 to Target : CLASS {Lnet/minecraft/world/entity/monster/ZombieVillager;} {} {V}
[10Jan2026 13:24:53.927] [main/DEBUG] [cpw.mods.modlauncher.TransformStore/MODLAUNCHER]: Adding transformer net.minecraftforge.coremod.transformer.CoreModClassTransformer@1ee27d73 to Target : CLASS {Lnet/minecraft/world/entity/raid/Raid;} {} {V}
[10Jan2026 13:24:53.927] [main/DEBUG] [cpw.mods.modlauncher.TransformStore/MODLAUNCHER]: Adding transformer net.minecraftforge.coremod.transformer.CoreModClassTransformer@1ee27d73 to Target : CLASS {Lnet/minecraft/world/entity/monster/Strider;} {} {V}
[10Jan2026 13:24:53.927] [main/DEBUG] [cpw.mods.modlauncher.TransformStore/MODLAUNCHER]: Adding transformer net.minecraftforge.coremod.transformer.CoreModClassTransformer@1ee27d73 to Target : CLASS {Lnet/minecraft/world/level/levelgen/structure/structures/SwampHutPiece;} {} {V}
[10Jan2026 13:24:53.929] [main/DEBUG] [cpw.mods.modlauncher.TransformStore/MODLAUNCHER]: Adding transformer net.minecraftforge.coremod.transformer.CoreModClassTransformer@1ee27d73 to Target : CLASS {Lnet/minecraft/world/level/levelgen/structure/structures/WoodlandMansionPieces$WoodlandMansionPiece;} {} {V}
[10Jan2026 13:24:53.929] [main/DEBUG] [cpw.mods.modlauncher.TransformStore/MODLAUNCHER]: Adding transformer net.minecraftforge.coremod.transformer.CoreModClassTransformer@1ee27d73 to Target : CLASS {Lnet/minecraft/world/level/levelgen/PhantomSpawner;} {} {V}
[10Jan2026 13:24:53.929] [main/DEBUG] [cpw.mods.modlauncher.TransformStore/MODLAUNCHER]: Adding transformer net.minecraftforge.coremod.transformer.CoreModClassTransformer@1ee27d73 to Target : CLASS {Lnet/minecraft/server/commands/SummonCommand;} {} {V}
[10Jan2026 13:24:53.929] [main/DEBUG] [cpw.mods.modlauncher.TransformationServiceDecorator/MODLAUNCHER]: Initialized transformers for transformation service fml
[10Jan2026 13:24:54.368] [main/DEBUG] [mixin/]: Processing prepare() for PlatformAgent[MixinPlatformAgentDefault:ModLauncher Root Container(ModLauncher:4f56a0a2)]
[10Jan2026 13:24:54.368] [main/DEBUG] [mixin/]: Processing launch tasks for PlatformAgent[MixinPlatformAgentDefault:ModLauncher Root Container(ModLauncher:4f56a0a2)]
[10Jan2026 13:24:54.369] [main/DEBUG] [mixin/]: Adding mixin platform agents for container SecureJarResource(minecraft)
[10Jan2026 13:24:54.369] [main/DEBUG] [mixin/]: Instancing new MixinPlatformAgentMinecraftForge for SecureJarResource(minecraft)
[10Jan2026 13:24:54.369] [main/DEBUG] [mixin/]: MixinPlatformAgentMinecraftForge rejected container SecureJarResource(minecraft)
[10Jan2026 13:24:54.369] [main/DEBUG] [mixin/]: Instancing new MixinPlatformAgentDefault for SecureJarResource(minecraft)
[10Jan2026 13:24:54.369] [main/DEBUG] [mixin/]: MixinPlatformAgentDefault accepted container SecureJarResource(minecraft)
[10Jan2026 13:24:54.369] [main/DEBUG] [mixin/]: Processing prepare() for PlatformAgent[MixinPlatformAgentDefault:SecureJarResource(minecraft)]
[10Jan2026 13:24:54.369] [main/DEBUG] [mixin/]: Adding mixin platform agents for container SecureJarResource(terrablender)
[10Jan2026 13:24:54.369] [main/DEBUG] [mixin/]: Instancing new MixinPlatformAgentMinecraftForge for SecureJarResource(terrablender)
[10Jan2026 13:24:54.369] [main/DEBUG] [mixin/]: MixinPlatformAgentMinecraftForge rejected container SecureJarResource(terrablender)
[10Jan2026 13:24:54.369] [main/DEBUG] [mixin/]: Instancing new MixinPlatformAgentDefault for SecureJarResource(terrablender)
[10Jan2026 13:24:54.369] [main/DEBUG] [mixin/]: MixinPlatformAgentDefault accepted container SecureJarResource(terrablender)
[10Jan2026 13:24:54.369] [main/DEBUG] [mixin/]: Processing prepare() for PlatformAgent[MixinPlatformAgentDefault:SecureJarResource(terrablender)]
[10Jan2026 13:24:54.369] [main/DEBUG] [mixin/]: Registering mixin config: terrablender.mixins.json
[10Jan2026 13:24:54.381] [main/DEBUG] [mixin/]: Compatibility level JAVA_17 specified by terrablender.mixins.json is higher than the maximum level supported by this version of mixin (JAVA_13).
[10Jan2026 13:24:54.383] [main/INFO] [mixin/]: Compatibility level set to JAVA_17
[10Jan2026 13:24:54.383] [main/DEBUG] [mixin/]: Registering mixin config: terrablender_forge.mixins.json
[10Jan2026 13:24:54.385] [main/DEBUG] [mixin/]: Adding mixin platform agents for container SecureJarResource(forge)
[10Jan2026 13:24:54.385] [main/DEBUG] [mixin/]: Instancing new MixinPlatformAgentMinecraftForge for SecureJarResource(forge)
[10Jan2026 13:24:54.385] [main/DEBUG] [mixin/]: MixinPlatformAgentMinecraftForge rejected container SecureJarResource(forge)
[10Jan2026 13:24:54.385] [main/DEBUG] [mixin/]: Instancing new MixinPlatformAgentDefault for SecureJarResource(forge)
[10Jan2026 13:24:54.385] [main/DEBUG] [mixin/]: MixinPlatformAgentDefault accepted container SecureJarResource(forge)
[10Jan2026 13:24:54.385] [main/DEBUG] [mixin/]: Processing prepare() for PlatformAgent[MixinPlatformAgentDefault:SecureJarResource(forge)]
[10Jan2026 13:24:54.385] [main/DEBUG] [mixin/]: Adding mixin platform agents for container SecureJarResource(netherspace)
[10Jan2026 13:24:54.385] [main/DEBUG] [mixin/]: Instancing new MixinPlatformAgentMinecraftForge for SecureJarResource(netherspace)
[10Jan2026 13:24:54.385] [main/DEBUG] [mixin/]: MixinPlatformAgentMinecraftForge rejected container SecureJarResource(netherspace)
[10Jan2026 13:24:54.385] [main/DEBUG] [mixin/]: Instancing new MixinPlatformAgentDefault for SecureJarResource(netherspace)
[10Jan2026 13:24:54.385] [main/DEBUG] [mixin/]: MixinPlatformAgentDefault accepted container SecureJarResource(netherspace)
[10Jan2026 13:24:54.385] [main/DEBUG] [mixin/]: Processing prepare() for PlatformAgent[MixinPlatformAgentDefault:SecureJarResource(netherspace)]
[10Jan2026 13:24:54.385] [main/DEBUG] [mixin/]: Adding mixin platform agents for container SecureJarResource(jei)
[10Jan2026 13:24:54.385] [main/DEBUG] [mixin/]: Instancing new MixinPlatformAgentMinecraftForge for SecureJarResource(jei)
[10Jan2026 13:24:54.385] [main/DEBUG] [mixin/]: MixinPlatformAgentMinecraftForge rejected container SecureJarResource(jei)
[10Jan2026 13:24:54.385] [main/DEBUG] [mixin/]: Instancing new MixinPlatformAgentDefault for SecureJarResource(jei)
[10Jan2026 13:24:54.387] [main/DEBUG] [mixin/]: MixinPlatformAgentDefault accepted container SecureJarResource(jei)
[10Jan2026 13:24:54.387] [main/DEBUG] [mixin/]: Processing prepare() for PlatformAgent[MixinPlatformAgentDefault:SecureJarResource(jei)]
[10Jan2026 13:24:54.387] [main/DEBUG] [mixin/]: inject() running with 6 agents
[10Jan2026 13:24:54.387] [main/DEBUG] [mixin/]: Processing inject() for PlatformAgent[MixinPlatformAgentDefault:ModLauncher Root Container(ModLauncher:4f56a0a2)]
[10Jan2026 13:24:54.387] [main/DEBUG] [mixin/]: Processing inject() for PlatformAgent[MixinPlatformAgentDefault:SecureJarResource(minecraft)]
[10Jan2026 13:24:54.387] [main/DEBUG] [mixin/]: Processing inject() for PlatformAgent[MixinPlatformAgentDefault:SecureJarResource(terrablender)]
[10Jan2026 13:24:54.387] [main/DEBUG] [mixin/]: Processing inject() for PlatformAgent[MixinPlatformAgentDefault:SecureJarResource(forge)]
[10Jan2026 13:24:54.387] [main/DEBUG] [mixin/]: Processing inject() for PlatformAgent[MixinPlatformAgentDefault:SecureJarResource(netherspace)]
[10Jan2026 13:24:54.387] [main/DEBUG] [mixin/]: Processing inject() for PlatformAgent[MixinPlatformAgentDefault:SecureJarResource(jei)]
[10Jan2026 13:24:54.387] [main/INFO] [cpw.mods.modlauncher.LaunchServiceHandler/MODLAUNCHER]: Launching target 'forgeclientuserdev' with arguments [--version, MOD_DEV, --gameDir, ., --assetsDir, C:\Users\anosv\.gradle\caches\forge_gradle\assets, --assetIndex, 5]
[10Jan2026 13:24:54.449] [main/DEBUG] [mixin/]: Error cleaning class output directory: .mixin.out
[10Jan2026 13:24:54.451] [main/DEBUG] [mixin/]: Preparing mixins for MixinEnvironment[DEFAULT]
[10Jan2026 13:24:54.451] [main/DEBUG] [mixin/]: Selecting config terrablender.mixins.json
[10Jan2026 13:24:54.651] [main/INFO] [mixin/]: Remapping refMap terrablender.refmap.json using C:\Users\anosv\Desktop\Minecraft\Nether-Space-1.20.1\build\createSrgToMcp\output.srg
[10Jan2026 13:24:54.651] [main/DEBUG] [mixin/]: Selecting config terrablender_forge.mixins.json
[10Jan2026 13:24:54.653] [main/INFO] [mixin/]: Remapping refMap terrablender.refmap.json using C:\Users\anosv\Desktop\Minecraft\Nether-Space-1.20.1\build\createSrgToMcp\output.srg
[10Jan2026 13:24:54.653] [main/DEBUG] [mixin/]: Preparing terrablender.mixins.json (7)
[10Jan2026 13:24:54.699] [main/DEBUG] [mixin/]: Preparing terrablender_forge.mixins.json (0)
[10Jan2026 13:24:54.709] [main/DEBUG] [mixin/]: Registering new injector for @Inject with org.spongepowered.asm.mixin.injection.struct.CallbackInjectionInfo
[10Jan2026 13:24:54.715] [main/DEBUG] [mixin/]: Registering new injector for @ModifyArg with org.spongepowered.asm.mixin.injection.struct.ModifyArgInjectionInfo
[10Jan2026 13:24:54.715] [main/DEBUG] [mixin/]: Registering new injector for @ModifyArgs with org.spongepowered.asm.mixin.injection.struct.ModifyArgsInjectionInfo
[10Jan2026 13:24:54.717] [main/DEBUG] [mixin/]: Registering new injector for @Redirect with org.spongepowered.asm.mixin.injection.struct.RedirectInjectionInfo
[10Jan2026 13:24:54.719] [main/DEBUG] [mixin/]: Registering new injector for @ModifyVariable with org.spongepowered.asm.mixin.injection.struct.ModifyVariableInjectionInfo
[10Jan2026 13:24:54.719] [main/DEBUG] [mixin/]: Registering new injector for @ModifyConstant with org.spongepowered.asm.mixin.injection.struct.ModifyConstantInjectionInfo
[10Jan2026 13:24:54.732] [main/DEBUG] [mixin/]: Prepared 7 mixins in 0.281 sec (40.1ms avg) (0ms load, 0ms transform, 0ms plugin)
[10Jan2026 13:24:54.949] [main/DEBUG] [io.netty.util.internal.logging.InternalLoggerFactory/]: Using SLF4J as the default logging framework
[10Jan2026 13:24:54.959] [main/DEBUG] [io.netty.util.ResourceLeakDetector/]: -Dio.netty.leakDetection.level: simple
[10Jan2026 13:24:54.959] [main/DEBUG] [io.netty.util.ResourceLeakDetector/]: -Dio.netty.leakDetection.targetRecords: 4
[10Jan2026 13:24:55.046] [main/DEBUG] [oshi.util.FileUtil/]: No oshi.properties file found from ClassLoader cpw.mods.modlauncher.TransformingClassLoader@12ad1b2a
[10Jan2026 13:24:55.269] [main/DEBUG] [oshi.util.FileUtil/]: No oshi.architecture.properties file found from ClassLoader cpw.mods.modlauncher.TransformingClassLoader@12ad1b2a
[10Jan2026 13:24:55.339] [main/WARN] [oshi.driver.windows.perfmon.PerfmonDisabled/]: Invalid registry value type detected for PerfOS counters. Should be REG_DWORD. Ignoring: HKEY_LOCAL_MACHINE\SYSTEM\CurrentControlSet\Services\PerfOS\Performance\Disable Performance Counters.
[10Jan2026 13:24:55.376] [pool-4-thread-1/DEBUG] [mixin/]: Mixing MixinBuiltInRegistries from terrablender.mixins.json into net.minecraft.core.registries.BuiltInRegistries
[10Jan2026 13:24:55.381] [pool-4-thread-1/DEBUG] [mixin/]: Renaming synthetic method lambda$registerSimple$0(Lnet/minecraft/core/registries/BuiltInRegistries$RegistryBootstrap;Lnet/minecraft/core/Registry;)Ljava/lang/Object; to md6167d1$lambda$registerSimple$0$0 in terrablender.mixins.json:MixinBuiltInRegistries
[10Jan2026 13:24:55.561] [pool-4-thread-1/DEBUG] [net.minecraftforge.coremod.transformer.CoreModBaseTransformer/COREMOD]: Transforming net/minecraft/world/entity/EntityType
[10Jan2026 13:24:55.929] [pool-4-thread-1/DEBUG] [net.minecraftforge.coremod.transformer.CoreModBaseTransformer/COREMOD]: Transforming net/minecraft/world/level/block/LiquidBlock
[10Jan2026 13:24:55.959] [pool-4-thread-1/DEBUG] [net.minecraftforge.coremod.transformer.CoreModBaseTransformer/COREMOD]: Transforming net/minecraft/world/level/block/StairBlock
[10Jan2026 13:24:56.006] [pool-4-thread-1/DEBUG] [net.minecraftforge.coremod.transformer.CoreModBaseTransformer/COREMOD]: Transforming net/minecraft/world/level/block/FlowerPotBlock
[10Jan2026 13:24:56.509] [pool-4-thread-1/DEBUG] [net.minecraftforge.coremod.transformer.CoreModBaseTransformer/COREMOD]: Transforming net/minecraft/world/item/ItemStack
[10Jan2026 13:24:56.894] [pool-4-thread-1/DEBUG] [net.minecraftforge.coremod.transformer.CoreModBaseTransformer/COREMOD]: Transforming net/minecraft/world/entity/animal/frog/Tadpole
[10Jan2026 13:24:56.929] [pool-4-thread-1/DEBUG] [net.minecraftforge.coremod.transformer.CoreModBaseTransformer/COREMOD]: Transforming net/minecraft/world/item/BucketItem
[10Jan2026 13:24:57.526] [pool-4-thread-1/DEBUG] [net.minecraftforge.coremod.transformer.CoreModBaseTransformer/COREMOD]: Transforming net/minecraft/world/entity/monster/Spider
[10Jan2026 13:24:57.572] [Datafixer Bootstrap/INFO] [com.mojang.datafixers.DataFixerBuilder/]: 188 Datafixer optimizations took 113 milliseconds
[10Jan2026 13:24:57.574] [pool-4-thread-1/DEBUG] [net.minecraftforge.coremod.transformer.CoreModBaseTransformer/COREMOD]: Transforming net/minecraft/world/entity/monster/Zombie
[10Jan2026 13:24:57.655] [pool-4-thread-1/DEBUG] [net.minecraftforge.coremod.transformer.CoreModBaseTransformer/COREMOD]: Transforming net/minecraft/world/entity/monster/ZombieVillager
[10Jan2026 13:24:57.749] [pool-4-thread-1/DEBUG] [net.minecraftforge.coremod.transformer.CoreModBaseTransformer/COREMOD]: Transforming net/minecraft/world/entity/monster/Evoker$EvokerSummonSpellGoal
[10Jan2026 13:24:57.896] [pool-4-thread-1/DEBUG] [net.minecraftforge.coremod.transformer.CoreModBaseTransformer/COREMOD]: Transforming net/minecraft/world/entity/animal/horse/SkeletonTrapGoal
[10Jan2026 13:24:57.909] [pool-4-thread-1/DEBUG] [net.minecraftforge.coremod.transformer.CoreModBaseTransformer/COREMOD]: Transforming net/minecraft/world/entity/monster/Strider
[10Jan2026 13:24:57.999] [pool-4-thread-1/DEBUG] [net.minecraftforge.coremod.transformer.CoreModBaseTransformer/COREMOD]: Transforming net/minecraft/world/entity/npc/Villager
[10Jan2026 13:24:58.068] [pool-4-thread-1/DEBUG] [net.minecraftforge.coremod.transformer.CoreModBaseTransformer/COREMOD]: Transforming net/minecraft/world/effect/MobEffectInstance
[10Jan2026 13:24:58.556] [pool-4-thread-1/DEBUG] [net.minecraftforge.coremod.transformer.CoreModBaseTransformer/COREMOD]: Transforming net/minecraft/world/level/levelgen/structure/Structure
[10Jan2026 13:24:58.592] [pool-4-thread-1/DEBUG] [net.minecraftforge.coremod.transformer.CoreModBaseTransformer/COREMOD]: Transforming net/minecraft/world/level/levelgen/structure/structures/OceanRuinPieces$OceanRuinPiece
[10Jan2026 13:24:58.607] [pool-4-thread-1/DEBUG] [net.minecraftforge.coremod.transformer.CoreModBaseTransformer/COREMOD]: Transforming net/minecraft/world/level/levelgen/structure/structures/SwampHutPiece
[10Jan2026 13:24:58.617] [pool-4-thread-1/DEBUG] [net.minecraftforge.coremod.transformer.CoreModBaseTransformer/COREMOD]: Transforming net/minecraft/world/level/levelgen/structure/structures/OceanMonumentPieces$OceanMonumentPiece
[10Jan2026 13:24:58.641] [pool-4-thread-1/DEBUG] [net.minecraftforge.coremod.transformer.CoreModBaseTransformer/COREMOD]: Transforming net/minecraft/world/level/levelgen/structure/structures/WoodlandMansionPieces$WoodlandMansionPiece
[10Jan2026 13:24:58.737] [pool-4-thread-1/DEBUG] [mixin/]: Mixing MixinBiomeSource from terrablender.mixins.json into net.minecraft.world.level.biome.BiomeSource
[10Jan2026 13:24:58.737] [pool-4-thread-1/DEBUG] [mixin/]: Renaming synthetic method lambda$appendDeferredBiomesList$0(Lcom/google/common/collect/ImmutableList;)Ljava/util/Set; to md6167d1$lambda$appendDeferredBiomesList$0$0 in terrablender.mixins.json:MixinBiomeSource
[10Jan2026 13:24:58.756] [pool-4-thread-1/DEBUG] [net.minecraftforge.coremod.transformer.CoreModBaseTransformer/COREMOD]: Transforming net/minecraft/world/level/biome/Biome
[10Jan2026 13:24:58.792] [pool-4-thread-1/DEBUG] [mixin/]: Mixing MixinMultiNoiseBiomeSource from terrablender.mixins.json into net.minecraft.world.level.biome.MultiNoiseBiomeSource
[10Jan2026 13:24:58.804] [pool-4-thread-1/DEBUG] [mixin/]: Mixing MixinParameterList from terrablender.mixins.json into net.minecraft.world.level.biome.Climate$ParameterList
[10Jan2026 13:24:58.804] [pool-4-thread-1/DEBUG] [mixin/]: Renaming synthetic method lambda$initializeForTerraBlender$0(Lcom/google/common/collect/ImmutableList$Builder;Lnet/minecraft/core/Registry;Lcom/mojang/datafixers/util/Pair;)V to md6167d1$lambda$initializeForTerraBlender$0$0 in terrablender.mixins.json:MixinParameterList
[10Jan2026 13:24:58.838] [pool-4-thread-1/DEBUG] [mixin/]: Mixing MixinNoiseGeneratorSettings from terrablender.mixins.json into net.minecraft.world.level.levelgen.NoiseGeneratorSettings
[10Jan2026 13:24:58.969] [pool-4-thread-1/DEBUG] [net.minecraftforge.registries.GameData/REGISTRIES]: Creating vanilla freeze snapshot
[10Jan2026 13:24:58.970] [pool-4-thread-1/DEBUG] [net.minecraftforge.registries.ForgeRegistry/REGISTRIES]: Registry minecraft:block Sync: VANILLA -> ACTIVE
[10Jan2026 13:24:58.981] [pool-4-thread-1/DEBUG] [net.minecraftforge.registries.ForgeRegistry/REGISTRIES]: Registry minecraft:fluid Sync: VANILLA -> ACTIVE
[10Jan2026 13:24:58.981] [pool-4-thread-1/DEBUG] [net.minecraftforge.registries.ForgeRegistry/REGISTRIES]: Registry minecraft:item Sync: VANILLA -> ACTIVE
[10Jan2026 13:24:58.989] [pool-4-thread-1/DEBUG] [net.minecraftforge.registries.ForgeRegistry/REGISTRIES]: Registry minecraft:mob_effect Sync: VANILLA -> ACTIVE
[10Jan2026 13:24:58.991] [pool-4-thread-1/DEBUG] [net.minecraftforge.registries.ForgeRegistry/REGISTRIES]: Registry minecraft:sound_event Sync: VANILLA -> ACTIVE
[10Jan2026 13:24:59.000] [pool-4-thread-1/DEBUG] [net.minecraftforge.registries.ForgeRegistry/REGISTRIES]: Registry minecraft:potion Sync: VANILLA -> ACTIVE
[10Jan2026 13:24:59.000] [pool-4-thread-1/DEBUG] [net.minecraftforge.registries.ForgeRegistry/REGISTRIES]: Registry minecraft:enchantment Sync: VANILLA -> ACTIVE
[10Jan2026 13:24:59.000] [pool-4-thread-1/DEBUG] [net.minecraftforge.registries.ForgeRegistry/REGISTRIES]: Registry minecraft:entity_type Sync: VANILLA -> ACTIVE
[10Jan2026 13:24:59.001] [pool-4-thread-1/DEBUG] [net.minecraftforge.registries.ForgeRegistry/REGISTRIES]: Registry minecraft:block_entity_type Sync: VANILLA -> ACTIVE
[10Jan2026 13:24:59.001] [pool-4-thread-1/DEBUG] [net.minecraftforge.registries.ForgeRegistry/REGISTRIES]: Registry minecraft:particle_type Sync: VANILLA -> ACTIVE
[10Jan2026 13:24:59.002] [pool-4-thread-1/DEBUG] [net.minecraftforge.registries.ForgeRegistry/REGISTRIES]: Registry minecraft:menu Sync: VANILLA -> ACTIVE
[10Jan2026 13:24:59.002] [pool-4-thread-1/DEBUG] [net.minecraftforge.registries.ForgeRegistry/REGISTRIES]: Registry minecraft:painting_variant Sync: VANILLA -> ACTIVE
[10Jan2026 13:24:59.002] [pool-4-thread-1/DEBUG] [net.minecraftforge.registries.ForgeRegistry/REGISTRIES]: Registry minecraft:recipe_type Sync: VANILLA -> ACTIVE
[10Jan2026 13:24:59.003] [pool-4-thread-1/DEBUG] [net.minecraftforge.registries.ForgeRegistry/REGISTRIES]: Registry minecraft:recipe_serializer Sync: VANILLA -> ACTIVE
[10Jan2026 13:24:59.003] [pool-4-thread-1/DEBUG] [net.minecraftforge.registries.ForgeRegistry/REGISTRIES]: Registry minecraft:attribute Sync: VANILLA -> ACTIVE
[10Jan2026 13:24:59.003] [pool-4-thread-1/DEBUG] [net.minecraftforge.registries.ForgeRegistry/REGISTRIES]: Registry minecraft:stat_type Sync: VANILLA -> ACTIVE
[10Jan2026 13:24:59.003] [pool-4-thread-1/DEBUG] [net.minecraftforge.registries.ForgeRegistry/REGISTRIES]: Registry minecraft:command_argument_type Sync: VANILLA -> ACTIVE
[10Jan2026 13:24:59.004] [pool-4-thread-1/DEBUG] [net.minecraftforge.registries.ForgeRegistry/REGISTRIES]: Registry minecraft:villager_profession Sync: VANILLA -> ACTIVE
[10Jan2026 13:24:59.004] [pool-4-thread-1/DEBUG] [net.minecraftforge.registries.ForgeRegistry/REGISTRIES]: Registry minecraft:point_of_interest_type Sync: VANILLA -> ACTIVE
[10Jan2026 13:24:59.006] [pool-4-thread-1/DEBUG] [net.minecraftforge.registries.ForgeRegistry/REGISTRIES]: Registry minecraft:memory_module_type Sync: VANILLA -> ACTIVE
[10Jan2026 13:24:59.007] [pool-4-thread-1/DEBUG] [net.minecraftforge.registries.ForgeRegistry/REGISTRIES]: Registry minecraft:sensor_type Sync: VANILLA -> ACTIVE
[10Jan2026 13:24:59.007] [pool-4-thread-1/DEBUG] [net.minecraftforge.registries.ForgeRegistry/REGISTRIES]: Registry minecraft:schedule Sync: VANILLA -> ACTIVE
[10Jan2026 13:24:59.007] [pool-4-thread-1/DEBUG] [net.minecraftforge.registries.ForgeRegistry/REGISTRIES]: Registry minecraft:activity Sync: VANILLA -> ACTIVE
[10Jan2026 13:24:59.007] [pool-4-thread-1/DEBUG] [net.minecraftforge.registries.ForgeRegistry/REGISTRIES]: Registry minecraft:worldgen/carver Sync: VANILLA -> ACTIVE
[10Jan2026 13:24:59.007] [pool-4-thread-1/DEBUG] [net.minecraftforge.registries.ForgeRegistry/REGISTRIES]: Registry minecraft:worldgen/feature Sync: VANILLA -> ACTIVE
[10Jan2026 13:24:59.008] [pool-4-thread-1/DEBUG] [net.minecraftforge.registries.ForgeRegistry/REGISTRIES]: Registry minecraft:chunk_status Sync: VANILLA -> ACTIVE
[10Jan2026 13:24:59.008] [pool-4-thread-1/DEBUG] [net.minecraftforge.registries.ForgeRegistry/REGISTRIES]: Registry minecraft:worldgen/block_state_provider_type Sync: VANILLA -> ACTIVE
[10Jan2026 13:24:59.008] [pool-4-thread-1/DEBUG] [net.minecraftforge.registries.ForgeRegistry/REGISTRIES]: Registry minecraft:worldgen/foliage_placer_type Sync: VANILLA -> ACTIVE
[10Jan2026 13:24:59.008] [pool-4-thread-1/DEBUG] [net.minecraftforge.registries.ForgeRegistry/REGISTRIES]: Registry minecraft:worldgen/tree_decorator_type Sync: VANILLA -> ACTIVE
[10Jan2026 13:24:59.009] [pool-4-thread-1/DEBUG] [net.minecraftforge.registries.ForgeRegistry/REGISTRIES]: Registry minecraft:worldgen/biome Sync: VANILLA -> ACTIVE
[10Jan2026 13:24:59.016] [pool-4-thread-1/DEBUG] [net.minecraftforge.registries.GameData/REGISTRIES]: Vanilla freeze snapshot created
[10Jan2026 13:24:59.216] [Render thread/WARN] [net.minecraft.server.packs.VanillaPackResourcesBuilder/]: Assets URL 'union:/C:/Users/anosv/.gradle/caches/forge_gradle/minecraft_user_repo/net/minecraftforge/forge/1.20.1-47.1.3_mapped_parchment_2023.06.26-1.20.1/forge-1.20.1-47.1.3_mapped_parchment_2023.06.26-1.20.1-recomp.jar%23191!/assets/.mcassetsroot' uses unexpected schema
[10Jan2026 13:24:59.217] [Render thread/WARN] [net.minecraft.server.packs.VanillaPackResourcesBuilder/]: Assets URL 'union:/C:/Users/anosv/.gradle/caches/forge_gradle/minecraft_user_repo/net/minecraftforge/forge/1.20.1-47.1.3_mapped_parchment_2023.06.26-1.20.1/forge-1.20.1-47.1.3_mapped_parchment_2023.06.26-1.20.1-recomp.jar%23191!/data/.mcassetsroot' uses unexpected schema
[10Jan2026 13:24:59.232] [Render thread/INFO] [com.mojang.authlib.yggdrasil.YggdrasilAuthenticationService/]: Environment: authHost='https://authserver.mojang.com', accountsHost='https://api.mojang.com', sessionHost='https://sessionserver.mojang.com', servicesHost='https://api.minecraftservices.com', name='PROD'
[10Jan2026 13:24:59.237] [Render thread/INFO] [net.minecraft.client.Minecraft/]: Setting user: Dev
[10Jan2026 13:24:59.326] [Render thread/INFO] [net.minecraft.client.Minecraft/]: Backend library: LWJGL version 3.3.1 build 7
[10Jan2026 13:24:59.490] [Render thread/DEBUG] [net.minecraftforge.common.ForgeI18n/CORE]: Loading I18N data entries: 6426
[10Jan2026 13:24:59.508] [Render thread/DEBUG] [net.minecraftforge.fml.ModWorkManager/LOADING]: Using 12 threads for parallel mod-loading
[10Jan2026 13:24:59.520] [Render thread/DEBUG] [net.minecraftforge.fml.javafmlmod.FMLJavaModLanguageProvider/LOADING]: Loading FMLModContainer from classloader cpw.mods.modlauncher.TransformingClassLoader@12ad1b2a - got cpw.mods.cl.ModuleClassLoader@1a5f7e7c
[10Jan2026 13:24:59.520] [Render thread/DEBUG] [net.minecraftforge.fml.javafmlmod.FMLModContainer/LOADING]: Creating FMLModContainer instance for terrablender.core.TerraBlenderForge
[10Jan2026 13:24:59.526] [Render thread/DEBUG] [net.minecraftforge.fml.javafmlmod.FMLJavaModLanguageProvider/LOADING]: Loading FMLModContainer from classloader cpw.mods.modlauncher.TransformingClassLoader@12ad1b2a - got cpw.mods.cl.ModuleClassLoader@1a5f7e7c
[10Jan2026 13:24:59.526] [Render thread/DEBUG] [net.minecraftforge.fml.javafmlmod.FMLModContainer/LOADING]: Creating FMLModContainer instance for net.minecraftforge.common.ForgeMod
[10Jan2026 13:24:59.529] [Render thread/DEBUG] [net.minecraftforge.fml.javafmlmod.FMLJavaModLanguageProvider/LOADING]: Loading FMLModContainer from classloader cpw.mods.modlauncher.TransformingClassLoader@12ad1b2a - got cpw.mods.cl.ModuleClassLoader@1a5f7e7c
[10Jan2026 13:24:59.529] [Render thread/DEBUG] [net.minecraftforge.fml.javafmlmod.FMLModContainer/LOADING]: Creating FMLModContainer instance for mezz.jei.forge.JustEnoughItems
[10Jan2026 13:24:59.530] [Render thread/DEBUG] [net.minecraftforge.fml.javafmlmod.FMLJavaModLanguageProvider/LOADING]: Loading FMLModContainer from classloader cpw.mods.modlauncher.TransformingClassLoader@12ad1b2a - got cpw.mods.cl.ModuleClassLoader@1a5f7e7c
[10Jan2026 13:24:59.530] [Render thread/DEBUG] [net.minecraftforge.fml.javafmlmod.FMLModContainer/LOADING]: Creating FMLModContainer instance for net.jinx.netherspace.NetherSpace
[10Jan2026 13:24:59.561] [modloading-worker-0/DEBUG] [net.minecraftforge.versions.forge.ForgeVersion/CORE]: Forge Version package package net.minecraftforge.versions.forge, Forge, version 47.1 from cpw.mods.modlauncher.TransformingClassLoader@12ad1b2a
[10Jan2026 13:24:59.561] [modloading-worker-0/DEBUG] [net.minecraftforge.versions.forge.ForgeVersion/CORE]: Found Forge version 47.1.3
[10Jan2026 13:24:59.561] [modloading-worker-0/DEBUG] [net.minecraftforge.versions.forge.ForgeVersion/CORE]: Found Forge spec 47.1
[10Jan2026 13:24:59.561] [modloading-worker-0/DEBUG] [net.minecraftforge.versions.forge.ForgeVersion/CORE]: Found Forge group net.minecraftforge
[10Jan2026 13:24:59.562] [modloading-worker-0/DEBUG] [net.minecraftforge.versions.mcp.MCPVersion/CORE]: MCP Version package package net.minecraftforge.versions.mcp, Minecraft, version 1.20.1 from cpw.mods.modlauncher.TransformingClassLoader@12ad1b2a
[10Jan2026 13:24:59.562] [modloading-worker-0/DEBUG] [net.minecraftforge.versions.mcp.MCPVersion/CORE]: Found MC version information 1.20.1
[10Jan2026 13:24:59.562] [modloading-worker-0/DEBUG] [net.minecraftforge.versions.mcp.MCPVersion/CORE]: Found MCP version information 20230612.114412
[10Jan2026 13:24:59.562] [modloading-worker-0/INFO] [net.minecraftforge.common.ForgeMod/FORGEMOD]: Forge mod loading, version 47.1.3, for MC 1.20.1 with MCP 20230612.114412
[10Jan2026 13:24:59.562] [modloading-worker-0/INFO] [net.minecraftforge.common.MinecraftForge/FORGE]: MinecraftForge v47.1.3 Initialized
[10Jan2026 13:24:59.562] [modloading-worker-0/DEBUG] [net.minecraftforge.fml.javafmlmod.AutomaticEventSubscriber/LOADING]: Attempting to inject @EventBusSubscriber classes into the eventbus for terrablender
[10Jan2026 13:24:59.562] [modloading-worker-0/DEBUG] [net.minecraftforge.fml.config.ConfigTracker/CONFIG]: Config file jei-server.toml for jei tracking
[10Jan2026 13:24:59.572] [modloading-worker-0/DEBUG] [net.minecraftforge.fml.javafmlmod.AutomaticEventSubscriber/LOADING]: Auto-subscribing terrablender.handler.InitializationHandler to FORGE
[10Jan2026 13:24:59.603] [modloading-worker-0/DEBUG] [mezz.jei.common.platform.Services/]: Loaded mezz.jei.forge.platform.PlatformHelper@11b2b17 for service interface mezz.jei.common.platform.IPlatformHelper
[10Jan2026 13:24:59.624] [modloading-worker-0/INFO] [terrablender/]: Registered region minecraft:overworld to index 0 for type OVERWORLD
[10Jan2026 13:24:59.624] [modloading-worker-0/INFO] [terrablender/]: Registered region minecraft:nether to index 0 for type NETHER
[10Jan2026 13:24:59.624] [modloading-worker-0/INFO] [terrablender/]: Registered region netherspace:overworld to index 1 for type OVERWORLD
[10Jan2026 13:24:59.629] [modloading-worker-0/DEBUG] [net.minecraftforge.fml.javafmlmod.AutomaticEventSubscriber/LOADING]: Attempting to inject @EventBusSubscriber classes into the eventbus for netherspace
[10Jan2026 13:24:59.629] [modloading-worker-0/DEBUG] [net.minecraftforge.fml.javafmlmod.AutomaticEventSubscriber/LOADING]: Auto-subscribing net.jinx.netherspace.datagen.DataGenerators to MOD
[10Jan2026 13:24:59.634] [modloading-worker-0/DEBUG] [net.minecraftforge.fml.javafmlmod.AutomaticEventSubscriber/LOADING]: Auto-subscribing net.jinx.netherspace.event.ModEventBusClientEvents to MOD
[10Jan2026 13:24:59.636] [modloading-worker-0/DEBUG] [io.netty.util.internal.PlatformDependent0/]: -Dio.netty.noUnsafe: false
[10Jan2026 13:24:59.636] [modloading-worker-0/DEBUG] [io.netty.util.internal.PlatformDependent0/]: Java version: 17
[10Jan2026 13:24:59.637] [modloading-worker-0/DEBUG] [io.netty.util.internal.PlatformDependent0/]: sun.misc.Unsafe.theUnsafe: available
[10Jan2026 13:24:59.637] [modloading-worker-0/DEBUG] [io.netty.util.internal.PlatformDependent0/]: sun.misc.Unsafe.copyMemory: available
[10Jan2026 13:24:59.638] [modloading-worker-0/DEBUG] [io.netty.util.internal.PlatformDependent0/]: sun.misc.Unsafe.storeFence: available
[10Jan2026 13:24:59.638] [modloading-worker-0/DEBUG] [io.netty.util.internal.PlatformDependent0/]: java.nio.Buffer.address: available
[10Jan2026 13:24:59.639] [modloading-worker-0/DEBUG] [net.minecraftforge.fml.javafmlmod.AutomaticEventSubscriber/LOADING]: Auto-subscribing net.jinx.netherspace.event.ModEventBusEvents to MOD
[10Jan2026 13:24:59.639] [modloading-worker-0/DEBUG] [io.netty.util.internal.PlatformDependent0/]: direct buffer constructor: unavailable
java.lang.UnsupportedOperationException: Reflective setAccessible(true) disabled
	at io.netty.util.internal.ReflectionUtil.trySetAccessible(ReflectionUtil.java:31) ~[netty-common-4.1.82.Final.jar%23151!/:4.1.82.Final]
	at io.netty.util.internal.PlatformDependent0$5.run(PlatformDependent0.java:288) ~[netty-common-4.1.82.Final.jar%23151!/:4.1.82.Final]
	at java.security.AccessController.doPrivileged(AccessController.java:318) ~[?:?]
	at io.netty.util.internal.PlatformDependent0.<clinit>(PlatformDependent0.java:282) ~[netty-common-4.1.82.Final.jar%23151!/:4.1.82.Final]
	at io.netty.util.internal.PlatformDependent.isAndroid(PlatformDependent.java:333) ~[netty-common-4.1.82.Final.jar%23151!/:4.1.82.Final]
	at io.netty.util.internal.PlatformDependent.<clinit>(PlatformDependent.java:88) ~[netty-common-4.1.82.Final.jar%23151!/:4.1.82.Final]
	at io.netty.util.ConstantPool.<init>(ConstantPool.java:34) ~[netty-common-4.1.82.Final.jar%23151!/:4.1.82.Final]
	at io.netty.util.AttributeKey$1.<init>(AttributeKey.java:27) ~[netty-common-4.1.82.Final.jar%23151!/:4.1.82.Final]
	at io.netty.util.AttributeKey.<clinit>(AttributeKey.java:27) ~[netty-common-4.1.82.Final.jar%23151!/:4.1.82.Final]
	at net.minecraftforge.network.NetworkConstants.<clinit>(NetworkConstants.java:34) ~[forge-1.20.1-47.1.3_mapped_parchment_2023.06.26-1.20.1-recomp.jar%23190%23197!/:?]
	at net.minecraftforge.common.ForgeMod.<init>(ForgeMod.java:429) ~[forge-1.20.1-47.1.3_mapped_parchment_2023.06.26-1.20.1-recomp.jar%23190%23197!/:?]
	at jdk.internal.reflect.NativeConstructorAccessorImpl.newInstance0(Native Method) ~[?:?]
	at jdk.internal.reflect.NativeConstructorAccessorImpl.newInstance(NativeConstructorAccessorImpl.java:77) ~[?:?]
	at jdk.internal.reflect.DelegatingConstructorAccessorImpl.newInstance(DelegatingConstructorAccessorImpl.java:45) ~[?:?]
	at java.lang.reflect.Constructor.newInstanceWithCaller(Constructor.java:500) ~[?:?]
	at java.lang.reflect.Constructor.newInstance(Constructor.java:481) ~[?:?]
	at net.minecraftforge.fml.javafmlmod.FMLModContainer.constructMod(FMLModContainer.java:68) ~[javafmllanguage-1.20.1-47.1.3.jar%23192!/:?]
	at net.minecraftforge.fml.ModContainer.lambda$buildTransitionHandler$10(ModContainer.java:123) ~[fmlcore-1.20.1-47.1.3.jar%23195!/:?]
	at java.util.concurrent.CompletableFuture$AsyncRun.run(CompletableFuture.java:1804) ~[?:?]
	at java.util.concurrent.CompletableFuture$AsyncRun.exec(CompletableFuture.java:1796) ~[?:?]
	at java.util.concurrent.ForkJoinTask.doExec(ForkJoinTask.java:373) ~[?:?]
	at java.util.concurrent.ForkJoinPool$WorkQueue.topLevelExec(ForkJoinPool.java:1182) ~[?:?]
	at java.util.concurrent.ForkJoinPool.scan(ForkJoinPool.java:1655) ~[?:?]
	at java.util.concurrent.ForkJoinPool.runWorker(ForkJoinPool.java:1622) ~[?:?]
	at java.util.concurrent.ForkJoinWorkerThread.run(ForkJoinWorkerThread.java:165) ~[?:?]
[10Jan2026 13:24:59.640] [modloading-worker-0/DEBUG] [io.netty.util.internal.PlatformDependent0/]: java.nio.Bits.unaligned: available, true
[10Jan2026 13:24:59.641] [modloading-worker-0/DEBUG] [net.minecraftforge.fml.javafmlmod.AutomaticEventSubscriber/LOADING]: Auto-subscribing net.jinx.netherspace.event.ModEvents to FORGE
[10Jan2026 13:24:59.641] [modloading-worker-0/DEBUG] [io.netty.util.internal.PlatformDependent0/]: jdk.internal.misc.Unsafe.allocateUninitializedArray(int): unavailable
java.lang.IllegalAccessException: class io.netty.util.internal.PlatformDependent0$7 (in module io.netty.common) cannot access class jdk.internal.misc.Unsafe (in module java.base) because module java.base does not export jdk.internal.misc to module io.netty.common
	at jdk.internal.reflect.Reflection.newIllegalAccessException(Reflection.java:392) ~[?:?]
	at java.lang.reflect.AccessibleObject.checkAccess(AccessibleObject.java:674) ~[?:?]
	at java.lang.reflect.Method.invoke(Method.java:561) ~[?:?]
	at io.netty.util.internal.PlatformDependent0$7.run(PlatformDependent0.java:410) ~[netty-common-4.1.82.Final.jar%23151!/:4.1.82.Final]
	at java.security.AccessController.doPrivileged(AccessController.java:318) ~[?:?]
	at io.netty.util.internal.PlatformDependent0.<clinit>(PlatformDependent0.java:401) ~[netty-common-4.1.82.Final.jar%23151!/:4.1.82.Final]
	at io.netty.util.internal.PlatformDependent.isAndroid(PlatformDependent.java:333) ~[netty-common-4.1.82.Final.jar%23151!/:4.1.82.Final]
	at io.netty.util.internal.PlatformDependent.<clinit>(PlatformDependent.java:88) ~[netty-common-4.1.82.Final.jar%23151!/:4.1.82.Final]
	at io.netty.util.ConstantPool.<init>(ConstantPool.java:34) ~[netty-common-4.1.82.Final.jar%23151!/:4.1.82.Final]
	at io.netty.util.AttributeKey$1.<init>(AttributeKey.java:27) ~[netty-common-4.1.82.Final.jar%23151!/:4.1.82.Final]
	at io.netty.util.AttributeKey.<clinit>(AttributeKey.java:27) ~[netty-common-4.1.82.Final.jar%23151!/:4.1.82.Final]
	at net.minecraftforge.network.NetworkConstants.<clinit>(NetworkConstants.java:34) ~[forge-1.20.1-47.1.3_mapped_parchment_2023.06.26-1.20.1-recomp.jar%23190%23197!/:?]
	at net.minecraftforge.common.ForgeMod.<init>(ForgeMod.java:429) ~[forge-1.20.1-47.1.3_mapped_parchment_2023.06.26-1.20.1-recomp.jar%23190%23197!/:?]
	at jdk.internal.reflect.NativeConstructorAccessorImpl.newInstance0(Native Method) ~[?:?]
	at jdk.internal.reflect.NativeConstructorAccessorImpl.newInstance(NativeConstructorAccessorImpl.java:77) ~[?:?]
	at jdk.internal.reflect.DelegatingConstructorAccessorImpl.newInstance(DelegatingConstructorAccessorImpl.java:45) ~[?:?]
	at java.lang.reflect.Constructor.newInstanceWithCaller(Constructor.java:500) ~[?:?]
	at java.lang.reflect.Constructor.newInstance(Constructor.java:481) ~[?:?]
	at net.minecraftforge.fml.javafmlmod.FMLModContainer.constructMod(FMLModContainer.java:68) ~[javafmllanguage-1.20.1-47.1.3.jar%23192!/:?]
	at net.minecraftforge.fml.ModContainer.lambda$buildTransitionHandler$10(ModContainer.java:123) ~[fmlcore-1.20.1-47.1.3.jar%23195!/:?]
	at java.util.concurrent.CompletableFuture$AsyncRun.run(CompletableFuture.java:1804) ~[?:?]
	at java.util.concurrent.CompletableFuture$AsyncRun.exec(CompletableFuture.java:1796) ~[?:?]
	at java.util.concurrent.ForkJoinTask.doExec(ForkJoinTask.java:373) ~[?:?]
	at java.util.concurrent.ForkJoinPool$WorkQueue.topLevelExec(ForkJoinPool.java:1182) ~[?:?]
	at java.util.concurrent.ForkJoinPool.scan(ForkJoinPool.java:1655) ~[?:?]
	at java.util.concurrent.ForkJoinPool.runWorker(ForkJoinPool.java:1622) ~[?:?]
	at java.util.concurrent.ForkJoinWorkerThread.run(ForkJoinWorkerThread.java:165) ~[?:?]
[10Jan2026 13:24:59.642] [modloading-worker-0/DEBUG] [io.netty.util.internal.PlatformDependent0/]: java.nio.DirectByteBuffer.<init>(long, int): unavailable
[10Jan2026 13:24:59.642] [modloading-worker-0/DEBUG] [io.netty.util.internal.PlatformDependent/]: sun.misc.Unsafe: available
[10Jan2026 13:24:59.643] [modloading-worker-0/DEBUG] [io.netty.util.internal.PlatformDependent/]: maxDirectMemory: 12851347456 bytes (maybe)
[10Jan2026 13:24:59.643] [modloading-worker-0/DEBUG] [io.netty.util.internal.PlatformDependent/]: -Dio.netty.tmpdir: C:\Users\anosv\AppData\Local\Temp (java.io.tmpdir)
[10Jan2026 13:24:59.643] [modloading-worker-0/DEBUG] [io.netty.util.internal.PlatformDependent/]: -Dio.netty.bitMode: 64 (sun.arch.data.model)
[10Jan2026 13:24:59.644] [modloading-worker-0/DEBUG] [io.netty.util.internal.PlatformDependent/]: Platform: Windows
[10Jan2026 13:24:59.644] [modloading-worker-0/DEBUG] [io.netty.util.internal.PlatformDependent/]: -Dio.netty.maxDirectMemory: -1 bytes
[10Jan2026 13:24:59.644] [modloading-worker-0/DEBUG] [io.netty.util.internal.PlatformDependent/]: -Dio.netty.uninitializedArrayAllocationThreshold: -1
[10Jan2026 13:24:59.645] [modloading-worker-0/DEBUG] [net.minecraftforge.fml.javafmlmod.AutomaticEventSubscriber/LOADING]: Auto-subscribing net.jinx.netherspace.NetherSpace$ClientModEvents to MOD
[10Jan2026 13:24:59.645] [modloading-worker-0/DEBUG] [io.netty.util.internal.CleanerJava9/]: java.nio.ByteBuffer.cleaner(): available
[10Jan2026 13:24:59.645] [modloading-worker-0/DEBUG] [io.netty.util.internal.PlatformDependent/]: -Dio.netty.noPreferDirect: false
[10Jan2026 13:24:59.650] [modloading-worker-0/DEBUG] [mezz.jei.common.config.file.ConfigSerializer/]: Loading config file: C:\Users\anosv\Desktop\Minecraft\Nether-Space-1.20.1\run\config\jei\jei-debug.ini
[10Jan2026 13:24:59.651] [modloading-worker-0/DEBUG] [mezz.jei.common.config.file.ConfigSerializer/]: Saving config file: C:\Users\anosv\Desktop\Minecraft\Nether-Space-1.20.1\run\config\jei\jei-debug.ini
[10Jan2026 13:24:59.657] [modloading-worker-0/DEBUG] [mezz.jei.common.config.file.ConfigSerializer/]: Loading config file: C:\Users\anosv\Desktop\Minecraft\Nether-Space-1.20.1\run\config\jei\jei-mod-id-format.ini
[10Jan2026 13:24:59.659] [modloading-worker-0/DEBUG] [mezz.jei.common.config.file.ConfigSerializer/]: Saving config file: C:\Users\anosv\Desktop\Minecraft\Nether-Space-1.20.1\run\config\jei\jei-mod-id-format.ini
[10Jan2026 13:24:59.664] [modloading-worker-0/DEBUG] [mezz.jei.common.config.file.ConfigSerializer/]: Loading config file: C:\Users\anosv\Desktop\Minecraft\Nether-Space-1.20.1\run\config\jei\jei-colors.ini
[10Jan2026 13:24:59.666] [modloading-worker-0/DEBUG] [mezz.jei.common.config.file.ConfigSerializer/]: Saving config file: C:\Users\anosv\Desktop\Minecraft\Nether-Space-1.20.1\run\config\jei\jei-colors.ini
[10Jan2026 13:24:59.667] [modloading-worker-0/DEBUG] [net.minecraftforge.common.ForgeMod/FORGEMOD]: Loading Network data for FML net version: FML3
[10Jan2026 13:24:59.675] [modloading-worker-0/DEBUG] [mezz.jei.common.config.file.ConfigSerializer/]: Loading config file: C:\Users\anosv\Desktop\Minecraft\Nether-Space-1.20.1\run\config\jei\jei-client.ini
[10Jan2026 13:24:59.677] [modloading-worker-0/DEBUG] [mezz.jei.common.config.file.ConfigSerializer/]: Saving config file: C:\Users\anosv\Desktop\Minecraft\Nether-Space-1.20.1\run\config\jei\jei-client.ini
[10Jan2026 13:24:59.681] [modloading-worker-0/DEBUG] [net.minecraftforge.fml.config.ConfigTracker/CONFIG]: Config file forge-client.toml for forge tracking
[10Jan2026 13:24:59.681] [modloading-worker-0/DEBUG] [net.minecraftforge.fml.config.ConfigTracker/CONFIG]: Config file forge-server.toml for forge tracking
[10Jan2026 13:24:59.681] [modloading-worker-0/DEBUG] [net.minecraftforge.fml.ModLoadingContext/]: Attempted to register an empty config for type COMMON on mod forge
[10Jan2026 13:24:59.682] [modloading-worker-0/INFO] [mezz.jei.library.load.PluginCaller/]: Sending ConfigManager...
[10Jan2026 13:24:59.684] [modloading-worker-0/DEBUG] [mezz.jei.library.load.PluginCallerTimerRunnable/]: Sending ConfigManager: jei:minecraft...
[10Jan2026 13:24:59.684] [modloading-worker-0/DEBUG] [mezz.jei.library.load.PluginCallerTimerRunnable/]: Sending ConfigManager: jei:debug...
[10Jan2026 13:24:59.684] [modloading-worker-0/DEBUG] [mezz.jei.library.load.PluginCallerTimerRunnable/]: Sending ConfigManager: jei:gui...
[10Jan2026 13:24:59.684] [modloading-worker-0/DEBUG] [mezz.jei.library.load.PluginCallerTimerRunnable/]: Sending ConfigManager: jei:forge_gui...
[10Jan2026 13:24:59.684] [modloading-worker-0/DEBUG] [mezz.jei.library.load.PluginCallerTimerRunnable/]: Sending ConfigManager: netherspace:jei_plugin...
[10Jan2026 13:24:59.684] [modloading-worker-0/DEBUG] [mezz.jei.library.load.PluginCallerTimerRunnable/]: Sending ConfigManager: jei:internal...
[10Jan2026 13:24:59.685] [modloading-worker-0/INFO] [mezz.jei.library.load.PluginCaller/]: Sending ConfigManager took 1.698 ms
[10Jan2026 13:24:59.690] [modloading-worker-0/DEBUG] [net.minecraftforge.fml.javafmlmod.AutomaticEventSubscriber/LOADING]: Attempting to inject @EventBusSubscriber classes into the eventbus for jei
[10Jan2026 13:24:59.698] [modloading-worker-0/DEBUG] [net.minecraftforge.fml.javafmlmod.AutomaticEventSubscriber/LOADING]: Attempting to inject @EventBusSubscriber classes into the eventbus for forge
[10Jan2026 13:24:59.699] [modloading-worker-0/DEBUG] [net.minecraftforge.fml.javafmlmod.AutomaticEventSubscriber/LOADING]: Auto-subscribing net.minecraftforge.common.ForgeSpawnEggItem$CommonHandler to MOD
[10Jan2026 13:24:59.700] [modloading-worker-0/DEBUG] [net.minecraftforge.fml.javafmlmod.AutomaticEventSubscriber/LOADING]: Auto-subscribing net.minecraftforge.common.ForgeSpawnEggItem$ColorRegisterHandler to MOD
[10Jan2026 13:24:59.703] [modloading-worker-0/DEBUG] [net.minecraftforge.fml.javafmlmod.AutomaticEventSubscriber/LOADING]: Auto-subscribing net.minecraftforge.client.model.data.ModelDataManager to FORGE
[10Jan2026 13:24:59.705] [modloading-worker-0/DEBUG] [net.minecraftforge.fml.javafmlmod.AutomaticEventSubscriber/LOADING]: Auto-subscribing net.minecraftforge.client.ForgeHooksClient$ClientEvents to MOD
[10Jan2026 13:24:59.712] [modloading-worker-0/DEBUG] [net.minecraftforge.fml.javafmlmod.AutomaticEventSubscriber/LOADING]: Auto-subscribing net.minecraftforge.client.ClientForgeMod to MOD
[10Jan2026 13:24:59.734] [Render thread/DEBUG] [net.minecraftforge.registries.ObjectHolderRegistry/REGISTRIES]: Processing ObjectHolder annotations
[10Jan2026 13:24:59.762] [Render thread/DEBUG] [net.minecraftforge.registries.ObjectHolderRegistry/REGISTRIES]: Found 3961 ObjectHolder annotations
[10Jan2026 13:24:59.765] [Render thread/DEBUG] [net.minecraftforge.common.capabilities.CapabilityManager/CAPABILITIES]: Attempting to automatically register: Lnet/minecraftforge/energy/IEnergyStorage;
[10Jan2026 13:24:59.767] [Render thread/DEBUG] [net.minecraftforge.common.capabilities.CapabilityManager/CAPABILITIES]: Attempting to automatically register: Lnet/minecraftforge/fluids/capability/IFluidHandler;
[10Jan2026 13:24:59.768] [Render thread/DEBUG] [net.minecraftforge.common.capabilities.CapabilityManager/CAPABILITIES]: Attempting to automatically register: Lnet/minecraftforge/fluids/capability/IFluidHandlerItem;
[10Jan2026 13:24:59.768] [Render thread/DEBUG] [net.minecraftforge.common.capabilities.CapabilityManager/CAPABILITIES]: Attempting to automatically register: Lnet/minecraftforge/items/IItemHandler;
[10Jan2026 13:24:59.768] [Render thread/DEBUG] [net.minecraftforge.registries.GameData/REGISTRIES]: Unfreezing vanilla registries
[10Jan2026 13:24:59.769] [Render thread/DEBUG] [net.minecraftforge.registries.GameData/REGISTRIES]: Applying holder lookups: minecraft:sound_event
[10Jan2026 13:24:59.772] [Render thread/DEBUG] [net.minecraftforge.registries.GameData/REGISTRIES]: Holder lookups applied: minecraft:sound_event
[10Jan2026 13:24:59.772] [Render thread/DEBUG] [net.minecraftforge.registries.GameData/REGISTRIES]: Applying holder lookups: minecraft:fluid
[10Jan2026 13:24:59.773] [Render thread/DEBUG] [net.minecraftforge.registries.GameData/REGISTRIES]: Holder lookups applied: minecraft:fluid
[10Jan2026 13:24:59.789] [Render thread/DEBUG] [net.minecraftforge.registries.GameData/REGISTRIES]: Applying holder lookups: minecraft:block
[10Jan2026 13:24:59.791] [Render thread/DEBUG] [net.minecraftforge.registries.GameData/REGISTRIES]: Holder lookups applied: minecraft:block
[10Jan2026 13:24:59.791] [Render thread/DEBUG] [net.minecraftforge.registries.GameData/REGISTRIES]: Applying holder lookups: minecraft:attribute
[10Jan2026 13:24:59.792] [Render thread/DEBUG] [net.minecraftforge.registries.GameData/REGISTRIES]: Holder lookups applied: minecraft:attribute
[10Jan2026 13:24:59.792] [Render thread/DEBUG] [net.minecraftforge.registries.GameData/REGISTRIES]: Applying holder lookups: minecraft:mob_effect
[10Jan2026 13:24:59.793] [Render thread/DEBUG] [net.minecraftforge.registries.GameData/REGISTRIES]: Holder lookups applied: minecraft:mob_effect
[10Jan2026 13:24:59.793] [Render thread/DEBUG] [net.minecraftforge.registries.GameData/REGISTRIES]: Applying holder lookups: minecraft:particle_type
[10Jan2026 13:24:59.793] [Render thread/DEBUG] [net.minecraftforge.registries.GameData/REGISTRIES]: Holder lookups applied: minecraft:particle_type
[10Jan2026 13:24:59.806] [Render thread/DEBUG] [net.minecraftforge.registries.GameData/REGISTRIES]: Applying holder lookups: minecraft:item
[10Jan2026 13:24:59.808] [Render thread/DEBUG] [net.minecraftforge.registries.GameData/REGISTRIES]: Holder lookups applied: minecraft:item
[10Jan2026 13:24:59.812] [Render thread/DEBUG] [net.minecraftforge.registries.GameData/REGISTRIES]: Applying holder lookups: minecraft:entity_type
[10Jan2026 13:24:59.812] [Render thread/DEBUG] [net.minecraftforge.registries.GameData/REGISTRIES]: Holder lookups applied: minecraft:entity_type
[10Jan2026 13:24:59.813] [Render thread/DEBUG] [net.minecraftforge.registries.GameData/REGISTRIES]: Applying holder lookups: minecraft:sensor_type
[10Jan2026 13:24:59.813] [Render thread/DEBUG] [net.minecraftforge.registries.GameData/REGISTRIES]: Holder lookups applied: minecraft:sensor_type
[10Jan2026 13:24:59.814] [Render thread/DEBUG] [net.minecraftforge.registries.GameData/REGISTRIES]: Applying holder lookups: minecraft:memory_module_type
[10Jan2026 13:24:59.814] [Render thread/DEBUG] [net.minecraftforge.registries.GameData/REGISTRIES]: Holder lookups applied: minecraft:memory_module_type
[10Jan2026 13:24:59.814] [Render thread/DEBUG] [net.minecraftforge.registries.GameData/REGISTRIES]: Applying holder lookups: minecraft:potion
[10Jan2026 13:24:59.814] [Render thread/DEBUG] [net.minecraftforge.registries.GameData/REGISTRIES]: Holder lookups applied: minecraft:potion
[10Jan2026 13:24:59.816] [Render thread/DEBUG] [net.minecraftforge.registries.GameData/REGISTRIES]: Applying holder lookups: minecraft:game_event
[10Jan2026 13:24:59.816] [Render thread/DEBUG] [net.minecraftforge.registries.GameData/REGISTRIES]: Holder lookups applied: minecraft:game_event
[10Jan2026 13:24:59.816] [Render thread/DEBUG] [net.minecraftforge.registries.GameData/REGISTRIES]: Applying holder lookups: minecraft:enchantment
[10Jan2026 13:24:59.817] [Render thread/DEBUG] [net.minecraftforge.registries.GameData/REGISTRIES]: Holder lookups applied: minecraft:enchantment
[10Jan2026 13:24:59.819] [Render thread/DEBUG] [net.minecraftforge.registries.GameData/REGISTRIES]: Applying holder lookups: minecraft:block_entity_type
[10Jan2026 13:24:59.820] [Render thread/DEBUG] [net.minecraftforge.registries.GameData/REGISTRIES]: Holder lookups applied: minecraft:block_entity_type
[10Jan2026 13:24:59.820] [Render thread/DEBUG] [net.minecraftforge.registries.GameData/REGISTRIES]: Applying holder lookups: minecraft:painting_variant
[10Jan2026 13:24:59.820] [Render thread/DEBUG] [net.minecraftforge.registries.GameData/REGISTRIES]: Holder lookups applied: minecraft:painting_variant
[10Jan2026 13:24:59.821] [Render thread/DEBUG] [net.minecraftforge.registries.GameData/REGISTRIES]: Applying holder lookups: minecraft:stat_type
[10Jan2026 13:24:59.821] [Render thread/DEBUG] [net.minecraftforge.registries.GameData/REGISTRIES]: Holder lookups applied: minecraft:stat_type
[10Jan2026 13:24:59.821] [Render thread/DEBUG] [net.minecraftforge.registries.GameData/REGISTRIES]: Applying holder lookups: minecraft:custom_stat
[10Jan2026 13:24:59.822] [Render thread/DEBUG] [net.minecraftforge.registries.GameData/REGISTRIES]: Holder lookups applied: minecraft:custom_stat
[10Jan2026 13:24:59.822] [Render thread/DEBUG] [net.minecraftforge.registries.GameData/REGISTRIES]: Applying holder lookups: minecraft:chunk_status
[10Jan2026 13:24:59.822] [Render thread/DEBUG] [net.minecraftforge.registries.GameData/REGISTRIES]: Holder lookups applied: minecraft:chunk_status
[10Jan2026 13:24:59.822] [Render thread/DEBUG] [net.minecraftforge.registries.GameData/REGISTRIES]: Applying holder lookups: minecraft:rule_test
[10Jan2026 13:24:59.822] [Render thread/DEBUG] [net.minecraftforge.registries.GameData/REGISTRIES]: Holder lookups applied: minecraft:rule_test
[10Jan2026 13:24:59.823] [Render thread/DEBUG] [net.minecraftforge.registries.GameData/REGISTRIES]: Applying holder lookups: minecraft:rule_block_entity_modifier
[10Jan2026 13:24:59.823] [Render thread/DEBUG] [net.minecraftforge.registries.GameData/REGISTRIES]: Holder lookups applied: minecraft:rule_block_entity_modifier
[10Jan2026 13:24:59.823] [Render thread/DEBUG] [net.minecraftforge.registries.GameData/REGISTRIES]: Applying holder lookups: minecraft:pos_rule_test
[10Jan2026 13:24:59.823] [Render thread/DEBUG] [net.minecraftforge.registries.GameData/REGISTRIES]: Holder lookups applied: minecraft:pos_rule_test
[10Jan2026 13:24:59.823] [Render thread/DEBUG] [net.minecraftforge.registries.GameData/REGISTRIES]: Applying holder lookups: minecraft:menu
[10Jan2026 13:24:59.824] [Render thread/DEBUG] [net.minecraftforge.registries.GameData/REGISTRIES]: Holder lookups applied: minecraft:menu
[10Jan2026 13:24:59.824] [Render thread/DEBUG] [net.minecraftforge.registries.GameData/REGISTRIES]: Applying holder lookups: minecraft:recipe_type
[10Jan2026 13:24:59.824] [Render thread/DEBUG] [net.minecraftforge.registries.GameData/REGISTRIES]: Holder lookups applied: minecraft:recipe_type
[10Jan2026 13:24:59.846] [Render thread/DEBUG] [net.minecraftforge.registries.GameData/REGISTRIES]: Applying holder lookups: minecraft:recipe_serializer
[10Jan2026 13:24:59.847] [Render thread/DEBUG] [net.minecraftforge.registries.GameData/REGISTRIES]: Holder lookups applied: minecraft:recipe_serializer
[10Jan2026 13:24:59.847] [Render thread/DEBUG] [net.minecraftforge.registries.GameData/REGISTRIES]: Applying holder lookups: minecraft:position_source_type
[10Jan2026 13:24:59.847] [Render thread/DEBUG] [net.minecraftforge.registries.GameData/REGISTRIES]: Holder lookups applied: minecraft:position_source_type
[10Jan2026 13:24:59.849] [Render thread/DEBUG] [net.minecraftforge.registries.GameData/REGISTRIES]: Applying holder lookups: minecraft:command_argument_type
[10Jan2026 13:24:59.850] [Render thread/DEBUG] [net.minecraftforge.registries.GameData/REGISTRIES]: Holder lookups applied: minecraft:command_argument_type
[10Jan2026 13:24:59.850] [Render thread/DEBUG] [net.minecraftforge.registries.GameData/REGISTRIES]: Applying holder lookups: minecraft:villager_type
[10Jan2026 13:24:59.850] [Render thread/DEBUG] [net.minecraftforge.registries.GameData/REGISTRIES]: Holder lookups applied: minecraft:villager_type
[10Jan2026 13:24:59.851] [Render thread/DEBUG] [net.minecraftforge.registries.GameData/REGISTRIES]: Applying holder lookups: minecraft:villager_profession
[10Jan2026 13:24:59.851] [Render thread/DEBUG] [net.minecraftforge.registries.GameData/REGISTRIES]: Holder lookups applied: minecraft:villager_profession
[10Jan2026 13:24:59.852] [Render thread/DEBUG] [net.minecraftforge.registries.GameData/REGISTRIES]: Applying holder lookups: minecraft:point_of_interest_type
[10Jan2026 13:24:59.852] [Render thread/DEBUG] [net.minecraftforge.registries.GameData/REGISTRIES]: Holder lookups applied: minecraft:point_of_interest_type
[10Jan2026 13:24:59.852] [Render thread/DEBUG] [net.minecraftforge.registries.GameData/REGISTRIES]: Applying holder lookups: minecraft:schedule
[10Jan2026 13:24:59.852] [Render thread/DEBUG] [net.minecraftforge.registries.GameData/REGISTRIES]: Holder lookups applied: minecraft:schedule
[10Jan2026 13:24:59.853] [Render thread/DEBUG] [net.minecraftforge.registries.GameData/REGISTRIES]: Applying holder lookups: minecraft:activity
[10Jan2026 13:24:59.853] [Render thread/DEBUG] [net.minecraftforge.registries.GameData/REGISTRIES]: Holder lookups applied: minecraft:activity
[10Jan2026 13:24:59.853] [Render thread/DEBUG] [net.minecraftforge.registries.GameData/REGISTRIES]: Applying holder lookups: minecraft:loot_pool_entry_type
[10Jan2026 13:24:59.853] [Render thread/DEBUG] [net.minecraftforge.registries.GameData/REGISTRIES]: Holder lookups applied: minecraft:loot_pool_entry_type
[10Jan2026 13:24:59.853] [Render thread/DEBUG] [net.minecraftforge.registries.GameData/REGISTRIES]: Applying holder lookups: minecraft:loot_function_type
[10Jan2026 13:24:59.854] [Render thread/DEBUG] [net.minecraftforge.registries.GameData/REGISTRIES]: Holder lookups applied: minecraft:loot_function_type
[10Jan2026 13:24:59.857] [Render thread/DEBUG] [net.minecraftforge.registries.GameData/REGISTRIES]: Applying holder lookups: minecraft:loot_condition_type
[10Jan2026 13:24:59.857] [Render thread/DEBUG] [net.minecraftforge.registries.GameData/REGISTRIES]: Holder lookups applied: minecraft:loot_condition_type
[10Jan2026 13:24:59.857] [Render thread/DEBUG] [net.minecraftforge.registries.GameData/REGISTRIES]: Applying holder lookups: minecraft:loot_number_provider_type
[10Jan2026 13:24:59.858] [Render thread/DEBUG] [net.minecraftforge.registries.GameData/REGISTRIES]: Holder lookups applied: minecraft:loot_number_provider_type
[10Jan2026 13:24:59.858] [Render thread/DEBUG] [net.minecraftforge.registries.GameData/REGISTRIES]: Applying holder lookups: minecraft:loot_nbt_provider_type
[10Jan2026 13:24:59.858] [Render thread/DEBUG] [net.minecraftforge.registries.GameData/REGISTRIES]: Holder lookups applied: minecraft:loot_nbt_provider_type
[10Jan2026 13:24:59.858] [Render thread/DEBUG] [net.minecraftforge.registries.GameData/REGISTRIES]: Applying holder lookups: minecraft:loot_score_provider_type
[10Jan2026 13:24:59.859] [Render thread/DEBUG] [net.minecraftforge.registries.GameData/REGISTRIES]: Holder lookups applied: minecraft:loot_score_provider_type
[10Jan2026 13:24:59.859] [Render thread/DEBUG] [net.minecraftforge.registries.GameData/REGISTRIES]: Applying holder lookups: minecraft:float_provider_type
[10Jan2026 13:24:59.859] [Render thread/DEBUG] [net.minecraftforge.registries.GameData/REGISTRIES]: Holder lookups applied: minecraft:float_provider_type
[10Jan2026 13:24:59.859] [Render thread/DEBUG] [net.minecraftforge.registries.GameData/REGISTRIES]: Applying holder lookups: minecraft:int_provider_type
[10Jan2026 13:24:59.859] [Render thread/DEBUG] [net.minecraftforge.registries.GameData/REGISTRIES]: Holder lookups applied: minecraft:int_provider_type
[10Jan2026 13:24:59.859] [Render thread/DEBUG] [net.minecraftforge.registries.GameData/REGISTRIES]: Applying holder lookups: minecraft:height_provider_type
[10Jan2026 13:24:59.860] [Render thread/DEBUG] [net.minecraftforge.registries.GameData/REGISTRIES]: Holder lookups applied: minecraft:height_provider_type
[10Jan2026 13:24:59.860] [Render thread/DEBUG] [net.minecraftforge.registries.GameData/REGISTRIES]: Applying holder lookups: minecraft:block_predicate_type
[10Jan2026 13:24:59.860] [Render thread/DEBUG] [net.minecraftforge.registries.GameData/REGISTRIES]: Holder lookups applied: minecraft:block_predicate_type
[10Jan2026 13:24:59.860] [Render thread/DEBUG] [net.minecraftforge.registries.GameData/REGISTRIES]: Applying holder lookups: minecraft:worldgen/carver
[10Jan2026 13:24:59.861] [Render thread/DEBUG] [net.minecraftforge.registries.GameData/REGISTRIES]: Holder lookups applied: minecraft:worldgen/carver
[10Jan2026 13:24:59.861] [Render thread/DEBUG] [net.minecraftforge.registries.GameData/REGISTRIES]: Applying holder lookups: minecraft:worldgen/feature
[10Jan2026 13:24:59.861] [Render thread/DEBUG] [net.minecraftforge.registries.GameData/REGISTRIES]: Holder lookups applied: minecraft:worldgen/feature
[10Jan2026 13:24:59.861] [Render thread/DEBUG] [net.minecraftforge.registries.GameData/REGISTRIES]: Applying holder lookups: minecraft:worldgen/structure_processor
[10Jan2026 13:24:59.862] [Render thread/DEBUG] [net.minecraftforge.registries.GameData/REGISTRIES]: Holder lookups applied: minecraft:worldgen/structure_processor
[10Jan2026 13:24:59.862] [Render thread/DEBUG] [net.minecraftforge.registries.GameData/REGISTRIES]: Applying holder lookups: minecraft:worldgen/structure_placement
[10Jan2026 13:24:59.862] [Render thread/DEBUG] [net.minecraftforge.registries.GameData/REGISTRIES]: Holder lookups applied: minecraft:worldgen/structure_placement
[10Jan2026 13:24:59.862] [Render thread/DEBUG] [net.minecraftforge.registries.GameData/REGISTRIES]: Applying holder lookups: minecraft:worldgen/structure_piece
[10Jan2026 13:24:59.863] [Render thread/DEBUG] [net.minecraftforge.registries.GameData/REGISTRIES]: Holder lookups applied: minecraft:worldgen/structure_piece
[10Jan2026 13:24:59.863] [Render thread/DEBUG] [net.minecraftforge.registries.GameData/REGISTRIES]: Applying holder lookups: minecraft:worldgen/structure_type
[10Jan2026 13:24:59.863] [Render thread/DEBUG] [net.minecraftforge.registries.GameData/REGISTRIES]: Holder lookups applied: minecraft:worldgen/structure_type
[10Jan2026 13:24:59.863] [Render thread/DEBUG] [net.minecraftforge.registries.GameData/REGISTRIES]: Applying holder lookups: minecraft:worldgen/placement_modifier_type
[10Jan2026 13:24:59.864] [Render thread/DEBUG] [net.minecraftforge.registries.GameData/REGISTRIES]: Holder lookups applied: minecraft:worldgen/placement_modifier_type
[10Jan2026 13:24:59.864] [Render thread/DEBUG] [net.minecraftforge.registries.GameData/REGISTRIES]: Applying holder lookups: minecraft:worldgen/block_state_provider_type
[10Jan2026 13:24:59.864] [Render thread/DEBUG] [net.minecraftforge.registries.GameData/REGISTRIES]: Holder lookups applied: minecraft:worldgen/block_state_provider_type
[10Jan2026 13:24:59.867] [Render thread/DEBUG] [net.minecraftforge.registries.GameData/REGISTRIES]: Applying holder lookups: minecraft:worldgen/foliage_placer_type
[10Jan2026 13:24:59.868] [Render thread/DEBUG] [net.minecraftforge.registries.GameData/REGISTRIES]: Holder lookups applied: minecraft:worldgen/foliage_placer_type
[10Jan2026 13:24:59.870] [Render thread/DEBUG] [net.minecraftforge.registries.GameData/REGISTRIES]: Applying holder lookups: minecraft:worldgen/trunk_placer_type
[10Jan2026 13:24:59.871] [Render thread/DEBUG] [net.minecraftforge.registries.GameData/REGISTRIES]: Holder lookups applied: minecraft:worldgen/trunk_placer_type
[10Jan2026 13:24:59.871] [Render thread/DEBUG] [net.minecraftforge.registries.GameData/REGISTRIES]: Applying holder lookups: minecraft:worldgen/root_placer_type
[10Jan2026 13:24:59.871] [Render thread/DEBUG] [net.minecraftforge.registries.GameData/REGISTRIES]: Holder lookups applied: minecraft:worldgen/root_placer_type
[10Jan2026 13:24:59.872] [Render thread/DEBUG] [net.minecraftforge.registries.GameData/REGISTRIES]: Applying holder lookups: minecraft:worldgen/tree_decorator_type
[10Jan2026 13:24:59.872] [Render thread/DEBUG] [net.minecraftforge.registries.GameData/REGISTRIES]: Holder lookups applied: minecraft:worldgen/tree_decorator_type
[10Jan2026 13:24:59.872] [Render thread/DEBUG] [net.minecraftforge.registries.GameData/REGISTRIES]: Applying holder lookups: minecraft:worldgen/feature_size_type
[10Jan2026 13:24:59.872] [Render thread/DEBUG] [net.minecraftforge.registries.GameData/REGISTRIES]: Holder lookups applied: minecraft:worldgen/feature_size_type
[10Jan2026 13:24:59.872] [Render thread/DEBUG] [net.minecraftforge.registries.GameData/REGISTRIES]: Applying holder lookups: minecraft:worldgen/biome_source
[10Jan2026 13:24:59.873] [Render thread/DEBUG] [net.minecraftforge.registries.GameData/REGISTRIES]: Holder lookups applied: minecraft:worldgen/biome_source
[10Jan2026 13:24:59.873] [Render thread/DEBUG] [net.minecraftforge.registries.GameData/REGISTRIES]: Applying holder lookups: minecraft:worldgen/chunk_generator
[10Jan2026 13:24:59.873] [Render thread/DEBUG] [net.minecraftforge.registries.GameData/REGISTRIES]: Holder lookups applied: minecraft:worldgen/chunk_generator
[10Jan2026 13:24:59.873] [Render thread/DEBUG] [net.minecraftforge.registries.GameData/REGISTRIES]: Applying holder lookups: minecraft:worldgen/material_condition
[10Jan2026 13:24:59.873] [Render thread/DEBUG] [net.minecraftforge.registries.GameData/REGISTRIES]: Holder lookups applied: minecraft:worldgen/material_condition
[10Jan2026 13:24:59.873] [Render thread/DEBUG] [net.minecraftforge.registries.GameData/REGISTRIES]: Applying holder lookups: minecraft:worldgen/material_rule
[10Jan2026 13:24:59.873] [Render thread/DEBUG] [net.minecraftforge.registries.GameData/REGISTRIES]: Holder lookups applied: minecraft:worldgen/material_rule
[10Jan2026 13:24:59.874] [Render thread/DEBUG] [net.minecraftforge.registries.GameData/REGISTRIES]: Applying holder lookups: minecraft:worldgen/density_function_type
[10Jan2026 13:24:59.874] [Render thread/DEBUG] [net.minecraftforge.registries.GameData/REGISTRIES]: Holder lookups applied: minecraft:worldgen/density_function_type
[10Jan2026 13:24:59.874] [Render thread/DEBUG] [net.minecraftforge.registries.GameData/REGISTRIES]: Applying holder lookups: minecraft:worldgen/structure_pool_element
[10Jan2026 13:24:59.874] [Render thread/DEBUG] [net.minecraftforge.registries.GameData/REGISTRIES]: Holder lookups applied: minecraft:worldgen/structure_pool_element
[10Jan2026 13:24:59.874] [Render thread/DEBUG] [net.minecraftforge.registries.GameData/REGISTRIES]: Applying holder lookups: minecraft:cat_variant
[10Jan2026 13:24:59.874] [Render thread/DEBUG] [net.minecraftforge.registries.GameData/REGISTRIES]: Holder lookups applied: minecraft:cat_variant
[10Jan2026 13:24:59.874] [Render thread/DEBUG] [net.minecraftforge.registries.GameData/REGISTRIES]: Applying holder lookups: minecraft:frog_variant
[10Jan2026 13:24:59.875] [Render thread/DEBUG] [net.minecraftforge.registries.GameData/REGISTRIES]: Holder lookups applied: minecraft:frog_variant
[10Jan2026 13:24:59.875] [Render thread/DEBUG] [net.minecraftforge.registries.GameData/REGISTRIES]: Applying holder lookups: minecraft:banner_pattern
[10Jan2026 13:24:59.875] [Render thread/DEBUG] [net.minecraftforge.registries.GameData/REGISTRIES]: Holder lookups applied: minecraft:banner_pattern
[10Jan2026 13:24:59.876] [Render thread/DEBUG] [net.minecraftforge.registries.GameData/REGISTRIES]: Applying holder lookups: minecraft:instrument
[10Jan2026 13:24:59.876] [Render thread/DEBUG] [net.minecraftforge.registries.GameData/REGISTRIES]: Holder lookups applied: minecraft:instrument
[10Jan2026 13:24:59.876] [Render thread/DEBUG] [net.minecraftforge.registries.GameData/REGISTRIES]: Applying holder lookups: minecraft:decorated_pot_patterns
[10Jan2026 13:24:59.876] [Render thread/DEBUG] [net.minecraftforge.registries.GameData/REGISTRIES]: Holder lookups applied: minecraft:decorated_pot_patterns
[10Jan2026 13:24:59.877] [Render thread/DEBUG] [net.minecraftforge.registries.GameData/REGISTRIES]: Applying holder lookups: minecraft:creative_mode_tab
[10Jan2026 13:24:59.877] [Render thread/DEBUG] [net.minecraftforge.registries.GameData/REGISTRIES]: Holder lookups applied: minecraft:creative_mode_tab
[10Jan2026 13:24:59.886] [Render thread/DEBUG] [net.minecraftforge.registries.GameData/REGISTRIES]: Applying holder lookups: forge:biome_modifier_serializers
[10Jan2026 13:24:59.887] [Render thread/DEBUG] [net.minecraftforge.registries.GameData/REGISTRIES]: Holder lookups applied: forge:biome_modifier_serializers
[10Jan2026 13:24:59.887] [Render thread/DEBUG] [net.minecraftforge.registries.GameData/REGISTRIES]: Applying holder lookups: forge:display_contexts
[10Jan2026 13:24:59.887] [Render thread/DEBUG] [net.minecraftforge.registries.GameData/REGISTRIES]: Holder lookups applied: forge:display_contexts
[10Jan2026 13:24:59.887] [Render thread/DEBUG] [net.minecraftforge.registries.GameData/REGISTRIES]: Applying holder lookups: forge:entity_data_serializers
[10Jan2026 13:24:59.887] [Render thread/DEBUG] [net.minecraftforge.registries.GameData/REGISTRIES]: Holder lookups applied: forge:entity_data_serializers
[10Jan2026 13:24:59.895] [Render thread/DEBUG] [net.minecraftforge.registries.GameData/REGISTRIES]: Applying holder lookups: forge:fluid_type
[10Jan2026 13:24:59.896] [Render thread/DEBUG] [net.minecraftforge.registries.GameData/REGISTRIES]: Holder lookups applied: forge:fluid_type
[10Jan2026 13:24:59.897] [Render thread/DEBUG] [net.minecraftforge.registries.GameData/REGISTRIES]: Applying holder lookups: forge:global_loot_modifier_serializers
[10Jan2026 13:24:59.897] [Render thread/DEBUG] [net.minecraftforge.registries.GameData/REGISTRIES]: Holder lookups applied: forge:global_loot_modifier_serializers
[10Jan2026 13:24:59.904] [Render thread/DEBUG] [net.minecraftforge.registries.GameData/REGISTRIES]: Applying holder lookups: forge:holder_set_type
[10Jan2026 13:24:59.905] [Render thread/DEBUG] [net.minecraftforge.registries.GameData/REGISTRIES]: Holder lookups applied: forge:holder_set_type
[10Jan2026 13:24:59.906] [Render thread/DEBUG] [net.minecraftforge.registries.GameData/REGISTRIES]: Applying holder lookups: forge:structure_modifier_serializers
[10Jan2026 13:24:59.906] [Render thread/DEBUG] [net.minecraftforge.registries.GameData/REGISTRIES]: Holder lookups applied: forge:structure_modifier_serializers
[10Jan2026 13:24:59.906] [Render thread/DEBUG] [net.minecraftforge.registries.GameData/REGISTRIES]: Applying holder lookups: minecraft:worldgen/biome
[10Jan2026 13:24:59.907] [Render thread/DEBUG] [net.minecraftforge.registries.GameData/REGISTRIES]: Holder lookups applied: minecraft:worldgen/biome
[10Jan2026 13:24:59.996] [Render thread/DEBUG] [net.minecraftforge.client.loading.ClientModLoader/CORE]: Generating PackInfo named mod:terrablender for mod file C:\Users\anosv\.gradle\caches\forge_gradle\deobf_dependencies\com\github\glitchfiend\TerraBlender-forge\1.20.1-3.0.0.169_mapped_parchment_2023.06.26-1.20.1\TerraBlender-forge-1.20.1-3.0.0.169_mapped_parchment_2023.06.26-1.20.1.jar
[10Jan2026 13:24:59.998] [Render thread/DEBUG] [net.minecraftforge.client.loading.ClientModLoader/CORE]: Generating PackInfo named mod:forge for mod file /
[10Jan2026 13:24:59.998] [Render thread/DEBUG] [net.minecraftforge.client.loading.ClientModLoader/CORE]: Generating PackInfo named mod:jei for mod file C:\Users\anosv\.gradle\caches\forge_gradle\deobf_dependencies\mezz\jei\jei-1.20.1-forge\15.8.2.26_mapped_parchment_2023.06.26-1.20.1\jei-1.20.1-forge-15.8.2.26_mapped_parchment_2023.06.26-1.20.1.jar
[10Jan2026 13:25:00.000] [Render thread/DEBUG] [net.minecraftforge.client.loading.ClientModLoader/CORE]: Generating PackInfo named mod:netherspace for mod file C:\Users\anosv\Desktop\Minecraft\Nether-Space-1.20.1\build\resources\main
[10Jan2026 13:25:00.374] [Render thread/INFO] [net.minecraftforge.gametest.ForgeGameTestHooks/]: Enabled Gametest Namespaces: [netherspace]
[10Jan2026 13:25:00.487] [Render thread/INFO] [net.minecraft.server.packs.resources.ReloadableResourceManager/]: Reloading ResourceManager: vanilla, mod_resources
[10Jan2026 13:25:00.500] [modloading-worker-0/DEBUG] [net.minecraftforge.fml.config.ConfigTracker/CONFIG]: Loading configs type CLIENT
[10Jan2026 13:25:00.500] [modloading-worker-0/DEBUG] [net.minecraftforge.fml.config.ConfigFileTypeHandler/CONFIG]: Built TOML config for C:\Users\anosv\Desktop\Minecraft\Nether-Space-1.20.1\run\config\forge-client.toml
[10Jan2026 13:25:00.501] [modloading-worker-0/DEBUG] [net.minecraftforge.fml.config.ConfigFileTypeHandler/CONFIG]: Loaded TOML config file C:\Users\anosv\Desktop\Minecraft\Nether-Space-1.20.1\run\config\forge-client.toml
[10Jan2026 13:25:00.504] [modloading-worker-0/DEBUG] [net.minecraftforge.fml.config.ConfigFileTypeHandler/CONFIG]: Watching TOML config file C:\Users\anosv\Desktop\Minecraft\Nether-Space-1.20.1\run\config\forge-client.toml for changes
[10Jan2026 13:25:00.506] [modloading-worker-0/DEBUG] [net.minecraftforge.common.ForgeConfig/FORGEMOD]: Loaded forge config file forge-client.toml
[10Jan2026 13:25:00.507] [modloading-worker-0/DEBUG] [net.minecraftforge.fml.config.ConfigTracker/CONFIG]: Loading configs type COMMON
[10Jan2026 13:25:00.508] [Thread-3/DEBUG] [net.minecraftforge.fml.config.ConfigFileTypeHandler/CONFIG]: Config file forge-client.toml changed, sending notifies
[10Jan2026 13:25:00.509] [Thread-3/DEBUG] [net.minecraftforge.common.ForgeConfig/FORGEMOD]: Forge config just got changed on the file system!
[10Jan2026 13:25:00.570] [Forge Version Check/INFO] [net.minecraftforge.fml.VersionChecker/]: [forge] Starting version check at https://files.minecraftforge.net/net/minecraftforge/forge/promotions_slim.json
[10Jan2026 13:25:00.579] [Worker-Main-1/INFO] [net.minecraft.client.gui.font.providers.UnihexProvider/]: Found unifont_all_no_pua-15.0.06.hex, loading
[10Jan2026 13:25:01.046] [Forge Version Check/DEBUG] [net.minecraftforge.fml.VersionChecker/]: [forge] Received version check data:
{
  "homepage": "https://files.minecraftforge.net/net/minecraftforge/forge/",
  "promos": {
    "1.1-latest": "1.3.4.29",
    "1.2.3-latest": "1.4.1.64",
    "1.2.4-latest": "2.0.0.68",
    "1.2.5-latest": "3.4.9.171",
    "1.3.2-latest": "4.3.5.318",
    "1.4.0-latest": "5.0.0.326",
    "1.4.1-latest": "6.0.0.329",
    "1.4.2-latest": "6.0.1.355",
    "1.4.3-latest": "6.2.1.358",
    "1.4.4-latest": "6.3.0.378",
    "1.4.5-latest": "6.4.2.448",
    "1.4.6-latest": "6.5.0.489",
    "1.4.7-latest": "6.6.2.534",
    "1.5-latest": "7.7.0.598",
    "1.5.1-latest": "7.7.2.682",
    "1.5.2-latest": "7.8.1.738",
    "1.5.2-recommended": "7.8.1.738",
    "1.6.1-latest": "8.9.0.775",
    "1.6.2-latest": "9.10.1.871",
    "1.6.2-recommended": "9.10.1.871",
    "1.6.3-latest": "9.11.0.878",
    "1.6.4-latest": "9.11.1.1345",
    "1.6.4-recommended": "9.11.1.1345",
    "1.7.2-latest": "10.12.2.1161",
    "1.7.2-recommended": "10.12.2.1161",
    "1.7.10-latest": "10.13.4.1614",
    "1.7.10-recommended": "10.13.4.1614",
    "1.8-latest": "11.14.4.1577",
    "1.8-recommended": "11.14.4.1563",
    "1.8.8-latest": "11.15.0.1655",
    "1.8.9-latest": "11.15.1.2318",
    "1.8.9-recommended": "11.15.1.2318",
    "1.9-latest": "12.16.1.1938",
    "1.9-recommended": "12.16.1.1887",
    "1.9.4-latest": "12.17.0.2317",
    "1.9.4-recommended": "12.17.0.2317",
    "1.10-latest": "12.18.0.2000",
    "1.10.2-latest": "12.18.3.2511",
    "1.10.2-recommended": "12.18.3.2511",
    "1.11-latest": "13.19.1.2199",
    "1.11-recommended": "13.19.1.2189",
    "1.11.2-latest": "13.20.1.2588",
    "1.11.2-recommended": "13.20.1.2588",
    "1.12-latest": "14.21.1.2443",
    "1.12-recommended": "14.21.1.2387",
    "1.12.1-latest": "14.22.1.2485",
    "1.12.1-recommended": "14.22.1.2478",
    "1.12.2-latest": "14.23.5.2864",
    "1.12.2-recommended": "14.23.5.2859",
    "1.13.2-latest": "25.0.223",
    "1.14.2-latest": "26.0.63",
    "1.14.3-latest": "27.0.60",
    "1.14.4-latest": "28.2.28",
    "1.14.4-recommended": "28.2.26",
    "1.15-latest": "29.0.4",
    "1.15.1-latest": "30.0.51",
    "1.15.2-latest": "31.2.60",
    "1.15.2-recommended": "31.2.57",
    "1.16.1-latest": "32.0.108",
    "1.16.2-latest": "33.0.61",
    "1.16.3-latest": "34.1.42",
    "1.16.3-recommended": "34.1.0",
    "1.16.4-latest": "35.1.37",
    "1.16.4-recommended": "35.1.4",
    "1.16.5-latest": "36.2.42",
    "1.16.5-recommended": "36.2.34",
    "1.17.1-latest": "37.1.1",
    "1.17.1-recommended": "37.1.1",
    "1.18-latest": "38.0.17",
    "1.18.1-latest": "39.1.2",
    "1.18.1-recommended": "39.1.0",
    "1.18.2-recommended": "40.3.0",
    "1.18.2-latest": "40.3.12",
    "1.19-latest": "41.1.0",
    "1.19-recommended": "41.1.0",
    "1.19.1-latest": "42.0.9",
    "1.19.2-recommended": "43.5.0",
    "1.19.2-latest": "43.5.2",
    "1.19.3-latest": "44.1.23",
    "1.19.3-recommended": "44.1.0",
    "1.19.4-recommended": "45.4.0",
    "1.19.4-latest": "45.4.3",
    "1.20-latest": "46.0.14",
    "1.20.1-recommended": "47.4.10",
    "1.20.1-latest": "47.4.13",
    "1.20.2-latest": "48.1.0",
    "1.20.2-recommended": "48.1.0",
    "1.20.3-latest": "49.0.2",
    "1.20.4-latest": "49.2.4",
    "1.20.4-recommended": "49.2.0",
    "1.20.6-latest": "50.2.4",
    "1.20.6-recommended": "50.2.0",
    "1.21-latest": "51.0.33",
    "1.21.1-latest": "52.1.8",
    "1.21.1-recommended": "52.1.0",
    "1.21.3-latest": "53.1.6",
    "1.21.3-recommended": "53.1.0",
    "1.21.4-latest": "54.1.11",
    "1.21.4-recommended": "54.1.0",
    "1.21.5-latest": "55.1.4",
    "1.21.5-recommended": "55.1.0",
    "1.21.6-latest": "56.0.9",
    "1.21.7-latest": "57.0.3",
    "1.21.8-latest": "58.1.11",
    "1.21.8-recommended": "58.1.0",
    "1.21.9-latest": "59.0.5",
    "1.21.10-latest": "60.1.5",
    "1.21.10-recommended": "60.1.0",
    "1.21.11-latest": "61.0.6"
  }
}
[10Jan2026 13:25:01.047] [Forge Version Check/INFO] [net.minecraftforge.fml.VersionChecker/]: [forge] Found status: OUTDATED Current: 47.1.3 Target: 47.4.10
[10Jan2026 13:25:02.110] [modloading-worker-0/DEBUG] [net.minecraftforge.registries.GameData/REGISTRIES]: Freezing registries
[10Jan2026 13:25:02.111] [modloading-worker-0/DEBUG] [net.minecraftforge.registries.ForgeRegistry/REGISTRIES]: Registry minecraft:block Sync: FROZEN -> ACTIVE
[10Jan2026 13:25:02.119] [modloading-worker-0/DEBUG] [net.minecraftforge.registries.ForgeRegistry/REGISTRIES]: Registry minecraft:fluid Sync: FROZEN -> ACTIVE
[10Jan2026 13:25:02.119] [modloading-worker-0/DEBUG] [net.minecraftforge.registries.ForgeRegistry/REGISTRIES]: Registry minecraft:item Sync: FROZEN -> ACTIVE
[10Jan2026 13:25:02.130] [modloading-worker-0/DEBUG] [net.minecraftforge.registries.ForgeRegistry/REGISTRIES]: Registry minecraft:mob_effect Sync: FROZEN -> ACTIVE
[10Jan2026 13:25:02.130] [modloading-worker-0/DEBUG] [net.minecraftforge.registries.ForgeRegistry/REGISTRIES]: Registry minecraft:sound_event Sync: FROZEN -> ACTIVE
[10Jan2026 13:25:02.139] [modloading-worker-0/DEBUG] [net.minecraftforge.registries.ForgeRegistry/REGISTRIES]: Registry minecraft:potion Sync: FROZEN -> ACTIVE
[10Jan2026 13:25:02.139] [modloading-worker-0/DEBUG] [net.minecraftforge.registries.ForgeRegistry/REGISTRIES]: Registry minecraft:enchantment Sync: FROZEN -> ACTIVE
[10Jan2026 13:25:02.139] [modloading-worker-0/DEBUG] [net.minecraftforge.registries.ForgeRegistry/REGISTRIES]: Registry minecraft:entity_type Sync: FROZEN -> ACTIVE
[10Jan2026 13:25:02.140] [modloading-worker-0/DEBUG] [net.minecraftforge.registries.ForgeRegistry/REGISTRIES]: Registry minecraft:block_entity_type Sync: FROZEN -> ACTIVE
[10Jan2026 13:25:02.140] [modloading-worker-0/DEBUG] [net.minecraftforge.registries.ForgeRegistry/REGISTRIES]: Registry minecraft:particle_type Sync: FROZEN -> ACTIVE
[10Jan2026 13:25:02.141] [modloading-worker-0/DEBUG] [net.minecraftforge.registries.ForgeRegistry/REGISTRIES]: Registry minecraft:menu Sync: FROZEN -> ACTIVE
[10Jan2026 13:25:02.141] [modloading-worker-0/DEBUG] [net.minecraftforge.registries.ForgeRegistry/REGISTRIES]: Registry minecraft:painting_variant Sync: FROZEN -> ACTIVE
[10Jan2026 13:25:02.141] [modloading-worker-0/DEBUG] [net.minecraftforge.registries.ForgeRegistry/REGISTRIES]: Registry minecraft:recipe_type Sync: FROZEN -> ACTIVE
[10Jan2026 13:25:02.141] [modloading-worker-0/DEBUG] [net.minecraftforge.registries.ForgeRegistry/REGISTRIES]: Registry minecraft:recipe_serializer Sync: FROZEN -> ACTIVE
[10Jan2026 13:25:02.142] [modloading-worker-0/DEBUG] [net.minecraftforge.registries.ForgeRegistry/REGISTRIES]: Registry minecraft:attribute Sync: FROZEN -> ACTIVE
[10Jan2026 13:25:02.142] [modloading-worker-0/DEBUG] [net.minecraftforge.registries.ForgeRegistry/REGISTRIES]: Registry minecraft:stat_type Sync: FROZEN -> ACTIVE
[10Jan2026 13:25:02.142] [modloading-worker-0/DEBUG] [net.minecraftforge.registries.ForgeRegistry/REGISTRIES]: Registry minecraft:command_argument_type Sync: FROZEN -> ACTIVE
[10Jan2026 13:25:02.142] [modloading-worker-0/DEBUG] [net.minecraftforge.registries.ForgeRegistry/REGISTRIES]: Registry minecraft:villager_profession Sync: FROZEN -> ACTIVE
[10Jan2026 13:25:02.144] [modloading-worker-0/DEBUG] [net.minecraftforge.registries.ForgeRegistry/REGISTRIES]: Registry minecraft:point_of_interest_type Sync: FROZEN -> ACTIVE
[10Jan2026 13:25:02.145] [modloading-worker-0/DEBUG] [net.minecraftforge.registries.ForgeRegistry/REGISTRIES]: Registry minecraft:memory_module_type Sync: FROZEN -> ACTIVE
[10Jan2026 13:25:02.146] [modloading-worker-0/DEBUG] [net.minecraftforge.registries.ForgeRegistry/REGISTRIES]: Registry minecraft:sensor_type Sync: FROZEN -> ACTIVE
[10Jan2026 13:25:02.146] [modloading-worker-0/DEBUG] [net.minecraftforge.registries.ForgeRegistry/REGISTRIES]: Registry minecraft:schedule Sync: FROZEN -> ACTIVE
[10Jan2026 13:25:02.146] [modloading-worker-0/DEBUG] [net.minecraftforge.registries.ForgeRegistry/REGISTRIES]: Registry minecraft:activity Sync: FROZEN -> ACTIVE
[10Jan2026 13:25:02.146] [modloading-worker-0/DEBUG] [net.minecraftforge.registries.ForgeRegistry/REGISTRIES]: Registry minecraft:worldgen/carver Sync: FROZEN -> ACTIVE
[10Jan2026 13:25:02.146] [modloading-worker-0/DEBUG] [net.minecraftforge.registries.ForgeRegistry/REGISTRIES]: Registry minecraft:worldgen/feature Sync: FROZEN -> ACTIVE
[10Jan2026 13:25:02.147] [modloading-worker-0/DEBUG] [net.minecraftforge.registries.ForgeRegistry/REGISTRIES]: Registry minecraft:chunk_status Sync: FROZEN -> ACTIVE
[10Jan2026 13:25:02.147] [modloading-worker-0/DEBUG] [net.minecraftforge.registries.ForgeRegistry/REGISTRIES]: Registry minecraft:worldgen/block_state_provider_type Sync: FROZEN -> ACTIVE
[10Jan2026 13:25:02.147] [modloading-worker-0/DEBUG] [net.minecraftforge.registries.ForgeRegistry/REGISTRIES]: Registry minecraft:worldgen/foliage_placer_type Sync: FROZEN -> ACTIVE
[10Jan2026 13:25:02.147] [modloading-worker-0/DEBUG] [net.minecraftforge.registries.ForgeRegistry/REGISTRIES]: Registry minecraft:worldgen/tree_decorator_type Sync: FROZEN -> ACTIVE
[10Jan2026 13:25:02.147] [modloading-worker-0/DEBUG] [net.minecraftforge.registries.ForgeRegistry/REGISTRIES]: Registry minecraft:worldgen/biome Sync: FROZEN -> ACTIVE
[10Jan2026 13:25:02.147] [modloading-worker-0/DEBUG] [net.minecraftforge.registries.ForgeRegistry/REGISTRIES]: Registry forge:entity_data_serializers Sync: FROZEN -> ACTIVE
[10Jan2026 13:25:02.147] [modloading-worker-0/DEBUG] [net.minecraftforge.registries.ForgeRegistry/REGISTRIES]: Registry forge:global_loot_modifier_serializers Sync: FROZEN -> ACTIVE
[10Jan2026 13:25:02.147] [modloading-worker-0/DEBUG] [net.minecraftforge.registries.ForgeRegistry/REGISTRIES]: Registry forge:biome_modifier_serializers Sync: FROZEN -> ACTIVE
[10Jan2026 13:25:02.147] [modloading-worker-0/DEBUG] [net.minecraftforge.registries.ForgeRegistry/REGISTRIES]: Registry forge:fluid_type Sync: FROZEN -> ACTIVE
[10Jan2026 13:25:02.147] [modloading-worker-0/DEBUG] [net.minecraftforge.registries.ForgeRegistry/REGISTRIES]: Registry forge:structure_modifier_serializers Sync: FROZEN -> ACTIVE
[10Jan2026 13:25:02.148] [modloading-worker-0/DEBUG] [net.minecraftforge.registries.ForgeRegistry/REGISTRIES]: Registry forge:holder_set_type Sync: FROZEN -> ACTIVE
[10Jan2026 13:25:02.148] [modloading-worker-0/DEBUG] [net.minecraftforge.registries.ForgeRegistry/REGISTRIES]: Registry forge:display_contexts Sync: FROZEN -> ACTIVE
[10Jan2026 13:25:02.700] [modloading-worker-0/DEBUG] [net.minecraftforge.registries.GameData/REGISTRIES]: All registries frozen
[10Jan2026 13:25:02.726] [Render thread/DEBUG] [net.minecraftforge.common.ForgeI18n/CORE]: Loading I18N data entries: 6672
[10Jan2026 13:25:02.745] [Render thread/WARN] [net.minecraft.client.sounds.SoundEngine/]: Missing sound for event: minecraft:item.goat_horn.play
[10Jan2026 13:25:02.745] [Render thread/WARN] [net.minecraft.client.sounds.SoundEngine/]: Missing sound for event: minecraft:entity.goat.screaming.horn_break
[10Jan2026 13:25:02.746] [Render thread/WARN] [net.minecraft.client.sounds.SoundEngine/]: Missing sound for event: netherspace:eerie_experiment
[10Jan2026 13:25:02.778] [Render thread/INFO] [com.mojang.blaze3d.audio.Library/]: OpenAL initialized on device OpenAL Soft on Speakers (Razer Kraken V3 X)
[10Jan2026 13:25:02.778] [Render thread/INFO] [net.minecraft.client.sounds.SoundEngine/SOUNDS]: Sound engine started
[10Jan2026 13:25:02.892] [Render thread/INFO] [net.minecraft.client.renderer.texture.TextureAtlas/]: Created: 1024x1024x4 minecraft:textures/atlas/blocks.png-atlas
[10Jan2026 13:25:02.901] [Render thread/INFO] [net.minecraft.client.renderer.texture.TextureAtlas/]: Created: 256x256x4 minecraft:textures/atlas/signs.png-atlas
[10Jan2026 13:25:02.902] [Render thread/INFO] [net.minecraft.client.renderer.texture.TextureAtlas/]: Created: 512x512x4 minecraft:textures/atlas/shield_patterns.png-atlas
[10Jan2026 13:25:02.902] [Render thread/INFO] [net.minecraft.client.renderer.texture.TextureAtlas/]: Created: 512x512x4 minecraft:textures/atlas/banner_patterns.png-atlas
[10Jan2026 13:25:02.902] [Render thread/INFO] [net.minecraft.client.renderer.texture.TextureAtlas/]: Created: 1024x1024x4 minecraft:textures/atlas/armor_trims.png-atlas
[10Jan2026 13:25:02.904] [Render thread/INFO] [net.minecraft.client.renderer.texture.TextureAtlas/]: Created: 128x64x4 minecraft:textures/atlas/decorated_pot.png-atlas
[10Jan2026 13:25:02.906] [Render thread/INFO] [net.minecraft.client.renderer.texture.TextureAtlas/]: Created: 256x256x4 minecraft:textures/atlas/chest.png-atlas
[10Jan2026 13:25:02.906] [Render thread/INFO] [net.minecraft.client.renderer.texture.TextureAtlas/]: Created: 512x256x4 minecraft:textures/atlas/shulker_boxes.png-atlas
[10Jan2026 13:25:02.907] [Render thread/INFO] [net.minecraft.client.renderer.texture.TextureAtlas/]: Created: 512x256x4 minecraft:textures/atlas/beds.png-atlas
[10Jan2026 13:25:03.001] [Render thread/WARN] [net.minecraft.client.renderer.ShaderInstance/]: Shader rendertype_entity_translucent_emissive could not find sampler named Sampler2 in the specified shader program.
[10Jan2026 13:25:03.044] [Render thread/INFO] [net.minecraft.client.renderer.texture.TextureAtlas/]: Created: 256x256x0 minecraft:textures/atlas/particles.png-atlas
[10Jan2026 13:25:03.045] [Render thread/INFO] [net.minecraft.client.renderer.texture.TextureAtlas/]: Created: 256x256x0 minecraft:textures/atlas/paintings.png-atlas
[10Jan2026 13:25:03.045] [Render thread/INFO] [net.minecraft.client.renderer.texture.TextureAtlas/]: Created: 128x128x0 minecraft:textures/atlas/mob_effects.png-atlas
[10Jan2026 13:25:03.048] [Render thread/INFO] [net.minecraft.client.renderer.texture.TextureAtlas/]: Created: 256x256x0 jei:textures/atlas/gui.png-atlas
[10Jan2026 13:25:07.429] [Realms Notification Availability checker #1/INFO] [com.mojang.realmsclient.client.RealmsClient/]: Could not authorize you against Realms server: java.lang.RuntimeException: Failed to parse into SignedJWT: 0
[10Jan2026 13:25:14.450] [Render thread/DEBUG] [mixin/]: Mixing MixinWorldOpenFlows from terrablender.mixins.json into net.minecraft.client.gui.screens.worldselection.WorldOpenFlows
[10Jan2026 13:25:14.492] [Render thread/INFO] [net.minecraftforge.registries.GameData/REGISTRIES]: Injecting existing registry data into this CLIENT instance
[10Jan2026 13:25:14.504] [Render thread/DEBUG] [net.minecraftforge.registries.ForgeRegistry/REGISTRIES]: Registry minecraft:block: Fixed minecraft:block id mismatch netherspace:neither_portal: 1030 (init) -> 1031 (map).
[10Jan2026 13:25:14.512] [Render thread/DEBUG] [net.minecraftforge.registries.ForgeRegistry/REGISTRIES]: Registry minecraft:item: Fixed minecraft:item id mismatch netherspace:americas_fries: 1265 (init) -> 1263 (map).
[10Jan2026 13:25:14.513] [Render thread/DEBUG] [net.minecraftforge.registries.ForgeRegistry/REGISTRIES]: Registry minecraft:item: Fixed minecraft:item id mismatch netherspace:bar_brawl_music_disc: 1290 (init) -> 1286 (map).
[10Jan2026 13:25:14.513] [Render thread/DEBUG] [net.minecraftforge.registries.ForgeRegistry/REGISTRIES]: Registry minecraft:item: Fixed minecraft:item id mismatch netherspace:dragon_roar_block: 1301 (init) -> 1296 (map).
[10Jan2026 13:25:14.513] [Render thread/DEBUG] [net.minecraftforge.registries.ForgeRegistry/REGISTRIES]: Registry minecraft:item: Fixed minecraft:item id mismatch netherspace:eerie_experiment_music_disc: 1291 (init) -> 1315 (map).
[10Jan2026 13:25:14.513] [Render thread/DEBUG] [net.minecraftforge.registries.ForgeRegistry/REGISTRIES]: Registry minecraft:item: Fixed minecraft:item id mismatch netherspace:end_stone_nether_ore: 1300 (init) -> 1295 (map).
[10Jan2026 13:25:14.513] [Render thread/DEBUG] [net.minecraftforge.registries.ForgeRegistry/REGISTRIES]: Registry minecraft:item: Fixed minecraft:item id mismatch netherspace:gem_polishing_station_block: 1311 (init) -> 1306 (map).
[10Jan2026 13:25:14.513] [Render thread/DEBUG] [net.minecraftforge.registries.ForgeRegistry/REGISTRIES]: Registry minecraft:item: Fixed minecraft:item id mismatch netherspace:hori_boots: 1288 (init) -> 1284 (map).
[10Jan2026 13:25:14.513] [Render thread/DEBUG] [net.minecraftforge.registries.ForgeRegistry/REGISTRIES]: Registry minecraft:item: Fixed minecraft:item id mismatch netherspace:jake_boots: 1284 (init) -> 1282 (map).
[10Jan2026 13:25:14.513] [Render thread/DEBUG] [net.minecraftforge.registries.ForgeRegistry/REGISTRIES]: Registry minecraft:item: Fixed minecraft:item id mismatch netherspace:jake_chestplate: 1282 (init) -> 1280 (map).
[10Jan2026 13:25:14.513] [Render thread/DEBUG] [net.minecraftforge.registries.ForgeRegistry/REGISTRIES]: Registry minecraft:item: Fixed minecraft:item id mismatch netherspace:jake_helmet: 1281 (init) -> 1279 (map).
[10Jan2026 13:25:14.513] [Render thread/DEBUG] [net.minecraftforge.registries.ForgeRegistry/REGISTRIES]: Registry minecraft:item: Fixed minecraft:item id mismatch netherspace:jake_leggings: 1283 (init) -> 1281 (map).
[10Jan2026 13:25:14.513] [Render thread/DEBUG] [net.minecraftforge.registries.ForgeRegistry/REGISTRIES]: Registry minecraft:item: Fixed minecraft:item id mismatch netherspace:jordan_katana: 1276 (init) -> 1274 (map).
[10Jan2026 13:25:14.513] [Render thread/DEBUG] [net.minecraftforge.registries.ForgeRegistry/REGISTRIES]: Registry minecraft:item: Fixed minecraft:item id mismatch netherspace:lilly_ingot: 1261 (init) -> 1318 (map).
[10Jan2026 13:25:14.513] [Render thread/DEBUG] [net.minecraftforge.registries.ForgeRegistry/REGISTRIES]: Registry minecraft:item: Fixed minecraft:item id mismatch netherspace:lilly_shirt: 1286 (init) -> 1319 (map).
[10Jan2026 13:25:14.513] [Render thread/DEBUG] [net.minecraftforge.registries.ForgeRegistry/REGISTRIES]: Registry minecraft:item: Fixed minecraft:item id mismatch netherspace:lumix_great_sword: 1274 (init) -> 1272 (map).
[10Jan2026 13:25:14.513] [Render thread/DEBUG] [net.minecraftforge.registries.ForgeRegistry/REGISTRIES]: Registry minecraft:item: Fixed minecraft:item id mismatch netherspace:metal_detector: 1263 (init) -> 1261 (map).
[10Jan2026 13:25:14.513] [Render thread/DEBUG] [net.minecraftforge.registries.ForgeRegistry/REGISTRIES]: Registry minecraft:item: Fixed minecraft:item id mismatch netherspace:mtg_swamp: 1267 (init) -> 1265 (map).
[10Jan2026 13:25:14.513] [Render thread/DEBUG] [net.minecraftforge.registries.ForgeRegistry/REGISTRIES]: Registry minecraft:item: Fixed minecraft:item id mismatch netherspace:neither_portal: 1319 (init) -> 1316 (map).
[10Jan2026 13:25:14.513] [Render thread/DEBUG] [net.minecraftforge.registries.ForgeRegistry/REGISTRIES]: Registry minecraft:item: Fixed minecraft:item id mismatch netherspace:nether_axe: 1270 (init) -> 1268 (map).
[10Jan2026 13:25:14.513] [Render thread/DEBUG] [net.minecraftforge.registries.ForgeRegistry/REGISTRIES]: Registry minecraft:item: Fixed minecraft:item id mismatch netherspace:nether_block: 1297 (init) -> 1292 (map).
[10Jan2026 13:25:14.513] [Render thread/DEBUG] [net.minecraftforge.registries.ForgeRegistry/REGISTRIES]: Registry minecraft:item: Fixed minecraft:item id mismatch netherspace:nether_boat: 1295 (init) -> 1290 (map).
[10Jan2026 13:25:14.513] [Render thread/DEBUG] [net.minecraftforge.registries.ForgeRegistry/REGISTRIES]: Registry minecraft:item: Fixed minecraft:item id mismatch netherspace:nether_boots: 1280 (init) -> 1278 (map).
[10Jan2026 13:25:14.513] [Render thread/DEBUG] [net.minecraftforge.registries.ForgeRegistry/REGISTRIES]: Registry minecraft:item: Fixed minecraft:item id mismatch netherspace:nether_button: 1304 (init) -> 1299 (map).
[10Jan2026 13:25:14.513] [Render thread/DEBUG] [net.minecraftforge.registries.ForgeRegistry/REGISTRIES]: Registry minecraft:item: Fixed minecraft:item id mismatch netherspace:nether_chest_boat: 1296 (init) -> 1291 (map).
[10Jan2026 13:25:14.513] [Render thread/DEBUG] [net.minecraftforge.registries.ForgeRegistry/REGISTRIES]: Registry minecraft:item: Fixed minecraft:item id mismatch netherspace:nether_chestplate: 1278 (init) -> 1276 (map).
[10Jan2026 13:25:14.513] [Render thread/DEBUG] [net.minecraftforge.registries.ForgeRegistry/REGISTRIES]: Registry minecraft:item: Fixed minecraft:item id mismatch netherspace:nether_door: 1309 (init) -> 1304 (map).
[10Jan2026 13:25:14.513] [Render thread/DEBUG] [net.minecraftforge.registries.ForgeRegistry/REGISTRIES]: Registry minecraft:item: Fixed minecraft:item id mismatch netherspace:nether_fence: 1306 (init) -> 1301 (map).
[10Jan2026 13:25:14.513] [Render thread/DEBUG] [net.minecraftforge.registries.ForgeRegistry/REGISTRIES]: Registry minecraft:item: Fixed minecraft:item id mismatch netherspace:nether_fence_gate: 1307 (init) -> 1302 (map).
[10Jan2026 13:25:14.513] [Render thread/DEBUG] [net.minecraftforge.registries.ForgeRegistry/REGISTRIES]: Registry minecraft:item: Fixed minecraft:item id mismatch netherspace:nether_hanging_sign: 1294 (init) -> 1289 (map).
[10Jan2026 13:25:14.513] [Render thread/DEBUG] [net.minecraftforge.registries.ForgeRegistry/REGISTRIES]: Registry minecraft:item: Fixed minecraft:item id mismatch netherspace:nether_helmet: 1277 (init) -> 1275 (map).
[10Jan2026 13:25:14.513] [Render thread/DEBUG] [net.minecraftforge.registries.ForgeRegistry/REGISTRIES]: Registry minecraft:item: Fixed minecraft:item id mismatch netherspace:nether_hoe: 1273 (init) -> 1271 (map).
[10Jan2026 13:25:14.513] [Render thread/DEBUG] [net.minecraftforge.registries.ForgeRegistry/REGISTRIES]: Registry minecraft:item: Fixed minecraft:item id mismatch netherspace:nether_leaves: 1317 (init) -> 1312 (map).
[10Jan2026 13:25:14.513] [Render thread/DEBUG] [net.minecraftforge.registries.ForgeRegistry/REGISTRIES]: Registry minecraft:item: Fixed minecraft:item id mismatch netherspace:nether_leggings: 1279 (init) -> 1277 (map).
[10Jan2026 13:25:14.513] [Render thread/DEBUG] [net.minecraftforge.registries.ForgeRegistry/REGISTRIES]: Registry minecraft:item: Fixed minecraft:item id mismatch netherspace:nether_log: 1312 (init) -> 1307 (map).
[10Jan2026 13:25:14.513] [Render thread/DEBUG] [net.minecraftforge.registries.ForgeRegistry/REGISTRIES]: Registry minecraft:item: Fixed minecraft:item id mismatch netherspace:nether_nether_ore: 1299 (init) -> 1294 (map).
[10Jan2026 13:25:14.513] [Render thread/DEBUG] [net.minecraftforge.registries.ForgeRegistry/REGISTRIES]: Registry minecraft:item: Fixed minecraft:item id mismatch netherspace:nether_pickaxe: 1271 (init) -> 1269 (map).
[10Jan2026 13:25:14.513] [Render thread/DEBUG] [net.minecraftforge.registries.ForgeRegistry/REGISTRIES]: Registry minecraft:item: Fixed minecraft:item id mismatch netherspace:nether_planks: 1316 (init) -> 1311 (map).
[10Jan2026 13:25:14.513] [Render thread/DEBUG] [net.minecraftforge.registries.ForgeRegistry/REGISTRIES]: Registry minecraft:item: Fixed minecraft:item id mismatch netherspace:nether_pressure_plate: 1305 (init) -> 1300 (map).
[10Jan2026 13:25:14.513] [Render thread/DEBUG] [net.minecraftforge.registries.ForgeRegistry/REGISTRIES]: Registry minecraft:item: Fixed minecraft:item id mismatch netherspace:nether_sapling: 1318 (init) -> 1313 (map).
[10Jan2026 13:25:14.513] [Render thread/DEBUG] [net.minecraftforge.registries.ForgeRegistry/REGISTRIES]: Registry minecraft:item: Fixed minecraft:item id mismatch netherspace:nether_shovel: 1272 (init) -> 1270 (map).
[10Jan2026 13:25:14.514] [Render thread/DEBUG] [net.minecraftforge.registries.ForgeRegistry/REGISTRIES]: Registry minecraft:item: Fixed minecraft:item id mismatch netherspace:nether_sign: 1293 (init) -> 1288 (map).
[10Jan2026 13:25:14.514] [Render thread/DEBUG] [net.minecraftforge.registries.ForgeRegistry/REGISTRIES]: Registry minecraft:item: Fixed minecraft:item id mismatch netherspace:nether_slab: 1303 (init) -> 1298 (map).
[10Jan2026 13:25:14.514] [Render thread/DEBUG] [net.minecraftforge.registries.ForgeRegistry/REGISTRIES]: Registry minecraft:item: Fixed minecraft:item id mismatch netherspace:nether_stairs: 1302 (init) -> 1297 (map).
[10Jan2026 13:25:14.514] [Render thread/DEBUG] [net.minecraftforge.registries.ForgeRegistry/REGISTRIES]: Registry minecraft:item: Fixed minecraft:item id mismatch netherspace:nether_sword: 1269 (init) -> 1267 (map).
[10Jan2026 13:25:14.514] [Render thread/DEBUG] [net.minecraftforge.registries.ForgeRegistry/REGISTRIES]: Registry minecraft:item: Fixed minecraft:item id mismatch netherspace:nether_trapdoor: 1310 (init) -> 1305 (map).
[10Jan2026 13:25:14.514] [Render thread/DEBUG] [net.minecraftforge.registries.ForgeRegistry/REGISTRIES]: Registry minecraft:item: Fixed minecraft:item id mismatch netherspace:nether_upgrade_smithing_template: 1264 (init) -> 1262 (map).
[10Jan2026 13:25:14.514] [Render thread/DEBUG] [net.minecraftforge.registries.ForgeRegistry/REGISTRIES]: Registry minecraft:item: Fixed minecraft:item id mismatch netherspace:nether_wall: 1308 (init) -> 1303 (map).
[10Jan2026 13:25:14.514] [Render thread/DEBUG] [net.minecraftforge.registries.ForgeRegistry/REGISTRIES]: Registry minecraft:item: Fixed minecraft:item id mismatch netherspace:nether_wood: 1313 (init) -> 1308 (map).
[10Jan2026 13:25:14.514] [Render thread/DEBUG] [net.minecraftforge.registries.ForgeRegistry/REGISTRIES]: Registry minecraft:item: Fixed minecraft:item id mismatch netherspace:nethercone: 1268 (init) -> 1266 (map).
[10Jan2026 13:25:14.514] [Render thread/DEBUG] [net.minecraftforge.registries.ForgeRegistry/REGISTRIES]: Registry minecraft:item: Fixed minecraft:item id mismatch netherspace:pyrrha_ingot: 1260 (init) -> 1314 (map).
[10Jan2026 13:25:14.514] [Render thread/DEBUG] [net.minecraftforge.registries.ForgeRegistry/REGISTRIES]: Registry minecraft:item: Fixed minecraft:item id mismatch netherspace:pyrrha_tiara: 1285 (init) -> 1317 (map).
[10Jan2026 13:25:14.514] [Render thread/DEBUG] [net.minecraftforge.registries.ForgeRegistry/REGISTRIES]: Registry minecraft:item: Fixed minecraft:item id mismatch netherspace:raw_nether: 1262 (init) -> 1260 (map).
[10Jan2026 13:25:14.514] [Render thread/DEBUG] [net.minecraftforge.registries.ForgeRegistry/REGISTRIES]: Registry minecraft:item: Fixed minecraft:item id mismatch netherspace:raw_nether_block: 1298 (init) -> 1293 (map).
[10Jan2026 13:25:14.514] [Render thread/DEBUG] [net.minecraftforge.registries.ForgeRegistry/REGISTRIES]: Registry minecraft:item: Fixed minecraft:item id mismatch netherspace:rhino_spawn_egg: 1292 (init) -> 1287 (map).
[10Jan2026 13:25:14.514] [Render thread/DEBUG] [net.minecraftforge.registries.ForgeRegistry/REGISTRIES]: Registry minecraft:item: Fixed minecraft:item id mismatch netherspace:skittle: 1266 (init) -> 1264 (map).
[10Jan2026 13:25:14.514] [Render thread/DEBUG] [net.minecraftforge.registries.ForgeRegistry/REGISTRIES]: Registry minecraft:item: Fixed minecraft:item id mismatch netherspace:skittle_seeds: 1289 (init) -> 1285 (map).
[10Jan2026 13:25:14.514] [Render thread/DEBUG] [net.minecraftforge.registries.ForgeRegistry/REGISTRIES]: Registry minecraft:item: Fixed minecraft:item id mismatch netherspace:skullox_mace: 1275 (init) -> 1273 (map).
[10Jan2026 13:25:14.514] [Render thread/DEBUG] [net.minecraftforge.registries.ForgeRegistry/REGISTRIES]: Registry minecraft:item: Fixed minecraft:item id mismatch netherspace:skuly_mask: 1287 (init) -> 1283 (map).
[10Jan2026 13:25:14.514] [Render thread/DEBUG] [net.minecraftforge.registries.ForgeRegistry/REGISTRIES]: Registry minecraft:item: Fixed minecraft:item id mismatch netherspace:stripped_nether_log: 1314 (init) -> 1309 (map).
[10Jan2026 13:25:14.514] [Render thread/DEBUG] [net.minecraftforge.registries.ForgeRegistry/REGISTRIES]: Registry minecraft:item: Fixed minecraft:item id mismatch netherspace:stripped_nether_wood: 1315 (init) -> 1310 (map).
[10Jan2026 13:25:14.523] [Render thread/DEBUG] [net.minecraftforge.registries.ForgeRegistry/REGISTRIES]: Registry minecraft:sound_event: Fixed minecraft:sound_event id mismatch netherspace:eerie_experiment: 1481 (init) -> 1484 (map).
[10Jan2026 13:25:14.533] [Render thread/DEBUG] [net.minecraftforge.registries.ForgeRegistry/REGISTRIES]: Registry minecraft:block Sync: ACTIVE -> STAGING
[10Jan2026 13:25:14.538] [Render thread/DEBUG] [net.minecraftforge.registries.ForgeRegistry/REGISTRIES]: Registry minecraft:fluid Sync: ACTIVE -> STAGING
[10Jan2026 13:25:14.538] [Render thread/DEBUG] [net.minecraftforge.registries.ForgeRegistry/REGISTRIES]: Registry minecraft:item Sync: ACTIVE -> STAGING
[10Jan2026 13:25:14.543] [Render thread/DEBUG] [net.minecraftforge.registries.ForgeRegistry/REGISTRIES]: Registry minecraft:mob_effect Sync: ACTIVE -> STAGING
[10Jan2026 13:25:14.543] [Render thread/DEBUG] [net.minecraftforge.registries.ForgeRegistry/REGISTRIES]: Registry minecraft:sound_event Sync: ACTIVE -> STAGING
[10Jan2026 13:25:14.548] [Render thread/DEBUG] [net.minecraftforge.registries.ForgeRegistry/REGISTRIES]: Registry minecraft:potion Sync: ACTIVE -> STAGING
[10Jan2026 13:25:14.549] [Render thread/DEBUG] [net.minecraftforge.registries.ForgeRegistry/REGISTRIES]: Registry minecraft:enchantment Sync: ACTIVE -> STAGING
[10Jan2026 13:25:14.549] [Render thread/DEBUG] [net.minecraftforge.registries.ForgeRegistry/REGISTRIES]: Registry minecraft:entity_type Sync: ACTIVE -> STAGING
[10Jan2026 13:25:14.549] [Render thread/DEBUG] [net.minecraftforge.registries.ForgeRegistry/REGISTRIES]: Registry minecraft:block_entity_type Sync: ACTIVE -> STAGING
[10Jan2026 13:25:14.549] [Render thread/DEBUG] [net.minecraftforge.registries.ForgeRegistry/REGISTRIES]: Registry minecraft:particle_type Sync: ACTIVE -> STAGING
[10Jan2026 13:25:14.550] [Render thread/DEBUG] [net.minecraftforge.registries.ForgeRegistry/REGISTRIES]: Registry minecraft:menu Sync: ACTIVE -> STAGING
[10Jan2026 13:25:14.550] [Render thread/DEBUG] [net.minecraftforge.registries.ForgeRegistry/REGISTRIES]: Registry minecraft:painting_variant Sync: ACTIVE -> STAGING
[10Jan2026 13:25:14.550] [Render thread/DEBUG] [net.minecraftforge.registries.ForgeRegistry/REGISTRIES]: Registry minecraft:recipe_type Sync: ACTIVE -> STAGING
[10Jan2026 13:25:14.550] [Render thread/DEBUG] [net.minecraftforge.registries.ForgeRegistry/REGISTRIES]: Registry minecraft:recipe_serializer Sync: ACTIVE -> STAGING
[10Jan2026 13:25:14.550] [Render thread/DEBUG] [net.minecraftforge.registries.ForgeRegistry/REGISTRIES]: Registry minecraft:attribute Sync: ACTIVE -> STAGING
[10Jan2026 13:25:14.550] [Render thread/DEBUG] [net.minecraftforge.registries.ForgeRegistry/REGISTRIES]: Registry minecraft:stat_type Sync: ACTIVE -> STAGING
[10Jan2026 13:25:14.550] [Render thread/DEBUG] [net.minecraftforge.registries.ForgeRegistry/REGISTRIES]: Registry minecraft:command_argument_type Sync: ACTIVE -> STAGING
[10Jan2026 13:25:14.551] [Render thread/DEBUG] [net.minecraftforge.registries.ForgeRegistry/REGISTRIES]: Registry minecraft:villager_profession Sync: ACTIVE -> STAGING
[10Jan2026 13:25:14.551] [Render thread/DEBUG] [net.minecraftforge.registries.ForgeRegistry/REGISTRIES]: Registry minecraft:point_of_interest_type Sync: ACTIVE -> STAGING
[10Jan2026 13:25:14.552] [Render thread/DEBUG] [net.minecraftforge.registries.ForgeRegistry/REGISTRIES]: Registry minecraft:memory_module_type Sync: ACTIVE -> STAGING
[10Jan2026 13:25:14.552] [Render thread/DEBUG] [net.minecraftforge.registries.ForgeRegistry/REGISTRIES]: Registry minecraft:sensor_type Sync: ACTIVE -> STAGING
[10Jan2026 13:25:14.552] [Render thread/DEBUG] [net.minecraftforge.registries.ForgeRegistry/REGISTRIES]: Registry minecraft:schedule Sync: ACTIVE -> STAGING
[10Jan2026 13:25:14.552] [Render thread/DEBUG] [net.minecraftforge.registries.ForgeRegistry/REGISTRIES]: Registry minecraft:activity Sync: ACTIVE -> STAGING
[10Jan2026 13:25:14.552] [Render thread/DEBUG] [net.minecraftforge.registries.ForgeRegistry/REGISTRIES]: Registry minecraft:worldgen/carver Sync: ACTIVE -> STAGING
[10Jan2026 13:25:14.552] [Render thread/DEBUG] [net.minecraftforge.registries.ForgeRegistry/REGISTRIES]: Registry minecraft:worldgen/feature Sync: ACTIVE -> STAGING
[10Jan2026 13:25:14.553] [Render thread/DEBUG] [net.minecraftforge.registries.ForgeRegistry/REGISTRIES]: Registry minecraft:chunk_status Sync: ACTIVE -> STAGING
[10Jan2026 13:25:14.553] [Render thread/DEBUG] [net.minecraftforge.registries.ForgeRegistry/REGISTRIES]: Registry minecraft:worldgen/block_state_provider_type Sync: ACTIVE -> STAGING
[10Jan2026 13:25:14.553] [Render thread/DEBUG] [net.minecraftforge.registries.ForgeRegistry/REGISTRIES]: Registry minecraft:worldgen/foliage_placer_type Sync: ACTIVE -> STAGING
[10Jan2026 13:25:14.553] [Render thread/DEBUG] [net.minecraftforge.registries.ForgeRegistry/REGISTRIES]: Registry minecraft:worldgen/tree_decorator_type Sync: ACTIVE -> STAGING
[10Jan2026 13:25:14.553] [Render thread/DEBUG] [net.minecraftforge.registries.ForgeRegistry/REGISTRIES]: Registry minecraft:worldgen/biome Sync: ACTIVE -> STAGING
[10Jan2026 13:25:14.553] [Render thread/DEBUG] [net.minecraftforge.registries.ForgeRegistry/REGISTRIES]: Registry forge:entity_data_serializers Sync: ACTIVE -> STAGING
[10Jan2026 13:25:14.553] [Render thread/DEBUG] [net.minecraftforge.registries.ForgeRegistry/REGISTRIES]: Registry forge:global_loot_modifier_serializers Sync: ACTIVE -> STAGING
[10Jan2026 13:25:14.553] [Render thread/DEBUG] [net.minecraftforge.registries.ForgeRegistry/REGISTRIES]: Registry forge:biome_modifier_serializers Sync: ACTIVE -> STAGING
[10Jan2026 13:25:14.553] [Render thread/DEBUG] [net.minecraftforge.registries.ForgeRegistry/REGISTRIES]: Registry forge:fluid_type Sync: ACTIVE -> STAGING
[10Jan2026 13:25:14.553] [Render thread/DEBUG] [net.minecraftforge.registries.ForgeRegistry/REGISTRIES]: Registry forge:structure_modifier_serializers Sync: ACTIVE -> STAGING
[10Jan2026 13:25:14.553] [Render thread/DEBUG] [net.minecraftforge.registries.ForgeRegistry/REGISTRIES]: Registry forge:holder_set_type Sync: ACTIVE -> STAGING
[10Jan2026 13:25:14.553] [Render thread/DEBUG] [net.minecraftforge.registries.ForgeRegistry/REGISTRIES]: Registry forge:display_contexts Sync: ACTIVE -> STAGING
[10Jan2026 13:25:14.869] [Render thread/DEBUG] [net.minecraftforge.registries.ObjectHolderRegistry/REGISTRIES]: Applying holder lookups
[10Jan2026 13:25:14.872] [Render thread/DEBUG] [net.minecraftforge.registries.ObjectHolderRegistry/REGISTRIES]: Holder lookups applied
[10Jan2026 13:25:14.889] [Render thread/DEBUG] [net.minecraftforge.server.ServerLifecycleHooks/CORE]: Generating PackInfo named mod:terrablender for mod file C:\Users\anosv\.gradle\caches\forge_gradle\deobf_dependencies\com\github\glitchfiend\TerraBlender-forge\1.20.1-3.0.0.169_mapped_parchment_2023.06.26-1.20.1\TerraBlender-forge-1.20.1-3.0.0.169_mapped_parchment_2023.06.26-1.20.1.jar
[10Jan2026 13:25:14.889] [Render thread/DEBUG] [net.minecraftforge.server.ServerLifecycleHooks/CORE]: Generating PackInfo named mod:forge for mod file /
[10Jan2026 13:25:14.889] [Render thread/DEBUG] [net.minecraftforge.server.ServerLifecycleHooks/CORE]: Generating PackInfo named mod:jei for mod file C:\Users\anosv\.gradle\caches\forge_gradle\deobf_dependencies\mezz\jei\jei-1.20.1-forge\15.8.2.26_mapped_parchment_2023.06.26-1.20.1\jei-1.20.1-forge-15.8.2.26_mapped_parchment_2023.06.26-1.20.1.jar
[10Jan2026 13:25:14.891] [Render thread/DEBUG] [net.minecraftforge.server.ServerLifecycleHooks/CORE]: Generating PackInfo named mod:netherspace for mod file C:\Users\anosv\Desktop\Minecraft\Nether-Space-1.20.1\build\resources\main
[10Jan2026 13:25:15.304] [Render thread/DEBUG] [mixin/]: Mixing MixinPrimaryLevelData from terrablender.mixins.json into net.minecraft.world.level.storage.PrimaryLevelData
[10Jan2026 13:25:15.457] [Render thread/DEBUG] [net.minecraftforge.coremod.transformer.CoreModBaseTransformer/COREMOD]: Transforming net/minecraft/server/commands/SummonCommand
[10Jan2026 13:25:15.679] [Worker-Main-8/DEBUG] [net.minecraftforge.coremod.transformer.CoreModBaseTransformer/COREMOD]: Transforming net/minecraft/world/entity/raid/Raid
[10Jan2026 13:25:15.991] [Render thread/ERROR] [net.minecraft.world.item.crafting.RecipeManager/]: Parsing error loading recipe netherspace:hayden_ingot_from_gem_polishing
com.google.gson.JsonSyntaxException: Unknown item 'netherspace:hayden_ingot'
	at net.minecraftforge.common.crafting.CraftingHelper.getItem(CraftingHelper.java:160) ~[forge-1.20.1-47.1.3_mapped_parchment_2023.06.26-1.20.1-recomp.jar:?]
	at net.minecraftforge.common.crafting.CraftingHelper.getItemStack(CraftingHelper.java:186) ~[forge-1.20.1-47.1.3_mapped_parchment_2023.06.26-1.20.1-recomp.jar:?]
	at net.minecraft.world.item.crafting.ShapedRecipe.itemStackFromJson(ShapedRecipe.java:301) ~[forge-1.20.1-47.1.3_mapped_parchment_2023.06.26-1.20.1-recomp.jar:?]
	at net.jinx.netherspace.recipe.GemPolishingRecipe$Serializer.fromJson(GemPolishingRecipe.java:85) ~[main/:?]
	at net.jinx.netherspace.recipe.GemPolishingRecipe$Serializer.fromJson(GemPolishingRecipe.java:78) ~[main/:?]
	at net.minecraftforge.common.extensions.IForgeRecipeSerializer.fromJson(IForgeRecipeSerializer.java:23) ~[forge-1.20.1-47.1.3_mapped_parchment_2023.06.26-1.20.1-recomp.jar:?]
	at net.minecraft.world.item.crafting.RecipeManager.fromJson(RecipeManager.java:174) ~[forge-1.20.1-47.1.3_mapped_parchment_2023.06.26-1.20.1-recomp.jar:?]
	at net.minecraft.world.item.crafting.RecipeManager.apply(RecipeManager.java:67) ~[forge-1.20.1-47.1.3_mapped_parchment_2023.06.26-1.20.1-recomp.jar:?]
	at net.minecraft.world.item.crafting.RecipeManager.apply(RecipeManager.java:34) ~[forge-1.20.1-47.1.3_mapped_parchment_2023.06.26-1.20.1-recomp.jar:?]
	at net.minecraft.server.packs.resources.SimplePreparableReloadListener.lambda$reload$1(SimplePreparableReloadListener.java:12) ~[forge-1.20.1-47.1.3_mapped_parchment_2023.06.26-1.20.1-recomp.jar:?]
	at java.util.concurrent.CompletableFuture$UniAccept.tryFire(CompletableFuture.java:718) ~[?:?]
	at java.util.concurrent.CompletableFuture$Completion.run(CompletableFuture.java:482) ~[?:?]
	at net.minecraft.server.packs.resources.SimpleReloadInstance.lambda$new$3(SimpleReloadInstance.java:65) ~[forge-1.20.1-47.1.3_mapped_parchment_2023.06.26-1.20.1-recomp.jar:?]
	at net.minecraft.util.thread.BlockableEventLoop.doRunTask(BlockableEventLoop.java:146) ~[forge-1.20.1-47.1.3_mapped_parchment_2023.06.26-1.20.1-recomp.jar:?]
	at net.minecraft.util.thread.ReentrantBlockableEventLoop.doRunTask(ReentrantBlockableEventLoop.java:22) ~[forge-1.20.1-47.1.3_mapped_parchment_2023.06.26-1.20.1-recomp.jar:?]
	at net.minecraft.util.thread.BlockableEventLoop.pollTask(BlockableEventLoop.java:116) ~[forge-1.20.1-47.1.3_mapped_parchment_2023.06.26-1.20.1-recomp.jar:?]
	at net.minecraft.util.thread.BlockableEventLoop.managedBlock(BlockableEventLoop.java:129) ~[forge-1.20.1-47.1.3_mapped_parchment_2023.06.26-1.20.1-recomp.jar:?]
	at net.minecraft.client.gui.screens.worldselection.WorldOpenFlows.loadWorldDataBlocking(WorldOpenFlows.java:163) ~[forge-1.20.1-47.1.3_mapped_parchment_2023.06.26-1.20.1-recomp.jar:?]
	at net.minecraft.client.gui.screens.worldselection.WorldOpenFlows.loadWorldStem(WorldOpenFlows.java:113) ~[forge-1.20.1-47.1.3_mapped_parchment_2023.06.26-1.20.1-recomp.jar:?]
	at net.minecraft.client.gui.screens.worldselection.WorldOpenFlows.doLoadLevel(WorldOpenFlows.java:181) ~[forge-1.20.1-47.1.3_mapped_parchment_2023.06.26-1.20.1-recomp.jar:?]
	at net.minecraft.client.gui.screens.worldselection.WorldOpenFlows.doLoadLevel(WorldOpenFlows.java:169) ~[forge-1.20.1-47.1.3_mapped_parchment_2023.06.26-1.20.1-recomp.jar:?]
	at net.minecraft.client.gui.screens.worldselection.WorldOpenFlows.loadLevel(WorldOpenFlows.java:65) ~[forge-1.20.1-47.1.3_mapped_parchment_2023.06.26-1.20.1-recomp.jar:?]
	at net.minecraft.client.gui.screens.worldselection.WorldSelectionList$WorldListEntry.loadWorld(WorldSelectionList.java:575) ~[forge-1.20.1-47.1.3_mapped_parchment_2023.06.26-1.20.1-recomp.jar:?]
	at net.minecraft.client.gui.screens.worldselection.WorldSelectionList$WorldListEntry.joinWorld(WorldSelectionList.java:474) ~[forge-1.20.1-47.1.3_mapped_parchment_2023.06.26-1.20.1-recomp.jar:?]
	at net.minecraft.client.gui.screens.worldselection.WorldSelectionList$WorldListEntry.mouseClicked(WorldSelectionList.java:413) ~[forge-1.20.1-47.1.3_mapped_parchment_2023.06.26-1.20.1-recomp.jar:?]
	at net.minecraft.client.gui.components.AbstractSelectionList.mouseClicked(AbstractSelectionList.java:298) ~[forge-1.20.1-47.1.3_mapped_parchment_2023.06.26-1.20.1-recomp.jar:?]
	at net.minecraft.client.gui.components.events.ContainerEventHandler.mouseClicked(ContainerEventHandler.java:42) ~[forge-1.20.1-47.1.3_mapped_parchment_2023.06.26-1.20.1-recomp.jar:?]
	at net.minecraft.client.MouseHandler.lambda$onPress$0(MouseHandler.java:97) ~[forge-1.20.1-47.1.3_mapped_parchment_2023.06.26-1.20.1-recomp.jar:?]
	at net.minecraft.client.gui.screens.Screen.wrapScreenError(Screen.java:437) ~[forge-1.20.1-47.1.3_mapped_parchment_2023.06.26-1.20.1-recomp.jar:?]
	at net.minecraft.client.MouseHandler.onPress(MouseHandler.java:94) ~[forge-1.20.1-47.1.3_mapped_parchment_2023.06.26-1.20.1-recomp.jar:?]
	at net.minecraft.client.MouseHandler.lambda$setup$4(MouseHandler.java:199) ~[forge-1.20.1-47.1.3_mapped_parchment_2023.06.26-1.20.1-recomp.jar:?]
	at net.minecraft.util.thread.BlockableEventLoop.execute(BlockableEventLoop.java:90) ~[forge-1.20.1-47.1.3_mapped_parchment_2023.06.26-1.20.1-recomp.jar:?]
	at net.minecraft.client.MouseHandler.lambda$setup$5(MouseHandler.java:198) ~[forge-1.20.1-47.1.3_mapped_parchment_2023.06.26-1.20.1-recomp.jar:?]
	at org.lwjgl.glfw.GLFWMouseButtonCallbackI.callback(GLFWMouseButtonCallbackI.java:43) ~[lwjgl-glfw-3.3.1.jar:build 7]
	at org.lwjgl.system.JNI.invokeV(Native Method) ~[lwjgl-3.3.1.jar:build 7]
	at org.lwjgl.glfw.GLFW.glfwWaitEventsTimeout(GLFW.java:3474) ~[lwjgl-glfw-3.3.1.jar:build 7]
	at com.mojang.blaze3d.systems.RenderSystem.limitDisplayFPS(RenderSystem.java:207) ~[forge-1.20.1-47.1.3_mapped_parchment_2023.06.26-1.20.1-recomp.jar:?]
	at net.minecraft.client.Minecraft.runTick(Minecraft.java:1199) ~[forge-1.20.1-47.1.3_mapped_parchment_2023.06.26-1.20.1-recomp.jar:?]
	at net.minecraft.client.Minecraft.run(Minecraft.java:723) ~[forge-1.20.1-47.1.3_mapped_parchment_2023.06.26-1.20.1-recomp.jar:?]
	at net.minecraft.client.main.Main.main(Main.java:218) ~[forge-1.20.1-47.1.3_mapped_parchment_2023.06.26-1.20.1-recomp.jar:?]
	at jdk.internal.reflect.NativeMethodAccessorImpl.invoke0(Native Method) ~[?:?]
	at jdk.internal.reflect.NativeMethodAccessorImpl.invoke(NativeMethodAccessorImpl.java:77) ~[?:?]
	at jdk.internal.reflect.DelegatingMethodAccessorImpl.invoke(DelegatingMethodAccessorImpl.java:43) ~[?:?]
	at java.lang.reflect.Method.invoke(Method.java:569) ~[?:?]
	at net.minecraftforge.fml.loading.targets.CommonLaunchHandler.runTarget(CommonLaunchHandler.java:111) ~[fmlloader-1.20.1-47.1.3.jar:?]
	at net.minecraftforge.fml.loading.targets.CommonLaunchHandler.clientService(CommonLaunchHandler.java:99) ~[fmlloader-1.20.1-47.1.3.jar:?]
	at net.minecraftforge.fml.loading.targets.ForgeClientUserdevLaunchHandler.devService(ForgeClientUserdevLaunchHandler.java:19) ~[fmlloader-1.20.1-47.1.3.jar:?]
	at net.minecraftforge.fml.loading.targets.CommonDevLaunchHandler.lambda$makeService$7(CommonDevLaunchHandler.java:135) ~[fmlloader-1.20.1-47.1.3.jar:?]
	at cpw.mods.modlauncher.LaunchServiceHandlerDecorator.launch(LaunchServiceHandlerDecorator.java:30) ~[modlauncher-10.0.9.jar:?]
	at cpw.mods.modlauncher.LaunchServiceHandler.launch(LaunchServiceHandler.java:53) ~[modlauncher-10.0.9.jar:?]
	at cpw.mods.modlauncher.LaunchServiceHandler.launch(LaunchServiceHandler.java:71) ~[modlauncher-10.0.9.jar:?]
	at cpw.mods.modlauncher.Launcher.run(Launcher.java:108) ~[modlauncher-10.0.9.jar:?]
	at cpw.mods.modlauncher.Launcher.main(Launcher.java:78) ~[modlauncher-10.0.9.jar:?]
	at cpw.mods.modlauncher.BootstrapLaunchConsumer.accept(BootstrapLaunchConsumer.java:26) ~[modlauncher-10.0.9.jar:?]
	at cpw.mods.modlauncher.BootstrapLaunchConsumer.accept(BootstrapLaunchConsumer.java:23) ~[modlauncher-10.0.9.jar:?]
	at cpw.mods.bootstraplauncher.BootstrapLauncher.main(BootstrapLauncher.java:141) ~[bootstraplauncher-1.1.2.jar:?]
[10Jan2026 13:25:16.020] [Render thread/ERROR] [net.minecraft.world.item.crafting.RecipeManager/]: Parsing error loading recipe netherspace:hayden_axe
com.google.gson.JsonSyntaxException: Unknown item 'netherspace:hayden_upgrade_smithing_template'
	at net.minecraft.world.item.crafting.ShapedRecipe.lambda$itemFromJson$2(ShapedRecipe.java:307) ~[forge-1.20.1-47.1.3_mapped_parchment_2023.06.26-1.20.1-recomp.jar:?]
	at java.util.Optional.orElseThrow(Optional.java:403) ~[?:?]
	at net.minecraft.world.item.crafting.ShapedRecipe.itemFromJson(ShapedRecipe.java:306) ~[forge-1.20.1-47.1.3_mapped_parchment_2023.06.26-1.20.1-recomp.jar:?]
	at net.minecraft.world.item.crafting.Ingredient.valueFromJson(Ingredient.java:219) ~[forge-1.20.1-47.1.3_mapped_parchment_2023.06.26-1.20.1-recomp.jar:?]
	at net.minecraftforge.common.crafting.VanillaIngredientSerializer.parse(VanillaIngredientSerializer.java:27) ~[forge-1.20.1-47.1.3_mapped_parchment_2023.06.26-1.20.1-recomp.jar:?]
	at net.minecraftforge.common.crafting.CraftingHelper.getIngredient(CraftingHelper.java:148) ~[forge-1.20.1-47.1.3_mapped_parchment_2023.06.26-1.20.1-recomp.jar:?]
	at net.minecraft.world.item.crafting.Ingredient.fromJson(Ingredient.java:194) ~[forge-1.20.1-47.1.3_mapped_parchment_2023.06.26-1.20.1-recomp.jar:?]
	at net.minecraft.world.item.crafting.Ingredient.fromJson(Ingredient.java:189) ~[forge-1.20.1-47.1.3_mapped_parchment_2023.06.26-1.20.1-recomp.jar:?]
	at net.minecraft.world.item.crafting.SmithingTransformRecipe$Serializer.fromJson(SmithingTransformRecipe.java:76) ~[forge-1.20.1-47.1.3_mapped_parchment_2023.06.26-1.20.1-recomp.jar:?]
	at net.minecraft.world.item.crafting.SmithingTransformRecipe$Serializer.fromJson(SmithingTransformRecipe.java:74) ~[forge-1.20.1-47.1.3_mapped_parchment_2023.06.26-1.20.1-recomp.jar:?]
	at net.minecraftforge.common.extensions.IForgeRecipeSerializer.fromJson(IForgeRecipeSerializer.java:23) ~[forge-1.20.1-47.1.3_mapped_parchment_2023.06.26-1.20.1-recomp.jar:?]
	at net.minecraft.world.item.crafting.RecipeManager.fromJson(RecipeManager.java:174) ~[forge-1.20.1-47.1.3_mapped_parchment_2023.06.26-1.20.1-recomp.jar:?]
	at net.minecraft.world.item.crafting.RecipeManager.apply(RecipeManager.java:67) ~[forge-1.20.1-47.1.3_mapped_parchment_2023.06.26-1.20.1-recomp.jar:?]
	at net.minecraft.world.item.crafting.RecipeManager.apply(RecipeManager.java:34) ~[forge-1.20.1-47.1.3_mapped_parchment_2023.06.26-1.20.1-recomp.jar:?]
	at net.minecraft.server.packs.resources.SimplePreparableReloadListener.lambda$reload$1(SimplePreparableReloadListener.java:12) ~[forge-1.20.1-47.1.3_mapped_parchment_2023.06.26-1.20.1-recomp.jar:?]
	at java.util.concurrent.CompletableFuture$UniAccept.tryFire(CompletableFuture.java:718) ~[?:?]
	at java.util.concurrent.CompletableFuture$Completion.run(CompletableFuture.java:482) ~[?:?]
	at net.minecraft.server.packs.resources.SimpleReloadInstance.lambda$new$3(SimpleReloadInstance.java:65) ~[forge-1.20.1-47.1.3_mapped_parchment_2023.06.26-1.20.1-recomp.jar:?]
	at net.minecraft.util.thread.BlockableEventLoop.doRunTask(BlockableEventLoop.java:146) ~[forge-1.20.1-47.1.3_mapped_parchment_2023.06.26-1.20.1-recomp.jar:?]
	at net.minecraft.util.thread.ReentrantBlockableEventLoop.doRunTask(ReentrantBlockableEventLoop.java:22) ~[forge-1.20.1-47.1.3_mapped_parchment_2023.06.26-1.20.1-recomp.jar:?]
	at net.minecraft.util.thread.BlockableEventLoop.pollTask(BlockableEventLoop.java:116) ~[forge-1.20.1-47.1.3_mapped_parchment_2023.06.26-1.20.1-recomp.jar:?]
	at net.minecraft.util.thread.BlockableEventLoop.managedBlock(BlockableEventLoop.java:129) ~[forge-1.20.1-47.1.3_mapped_parchment_2023.06.26-1.20.1-recomp.jar:?]
	at net.minecraft.client.gui.screens.worldselection.WorldOpenFlows.loadWorldDataBlocking(WorldOpenFlows.java:163) ~[forge-1.20.1-47.1.3_mapped_parchment_2023.06.26-1.20.1-recomp.jar:?]
	at net.minecraft.client.gui.screens.worldselection.WorldOpenFlows.loadWorldStem(WorldOpenFlows.java:113) ~[forge-1.20.1-47.1.3_mapped_parchment_2023.06.26-1.20.1-recomp.jar:?]
	at net.minecraft.client.gui.screens.worldselection.WorldOpenFlows.doLoadLevel(WorldOpenFlows.java:181) ~[forge-1.20.1-47.1.3_mapped_parchment_2023.06.26-1.20.1-recomp.jar:?]
	at net.minecraft.client.gui.screens.worldselection.WorldOpenFlows.doLoadLevel(WorldOpenFlows.java:169) ~[forge-1.20.1-47.1.3_mapped_parchment_2023.06.26-1.20.1-recomp.jar:?]
	at net.minecraft.client.gui.screens.worldselection.WorldOpenFlows.loadLevel(WorldOpenFlows.java:65) ~[forge-1.20.1-47.1.3_mapped_parchment_2023.06.26-1.20.1-recomp.jar:?]
	at net.minecraft.client.gui.screens.worldselection.WorldSelectionList$WorldListEntry.loadWorld(WorldSelectionList.java:575) ~[forge-1.20.1-47.1.3_mapped_parchment_2023.06.26-1.20.1-recomp.jar:?]
	at net.minecraft.client.gui.screens.worldselection.WorldSelectionList$WorldListEntry.joinWorld(WorldSelectionList.java:474) ~[forge-1.20.1-47.1.3_mapped_parchment_2023.06.26-1.20.1-recomp.jar:?]
	at net.minecraft.client.gui.screens.worldselection.WorldSelectionList$WorldListEntry.mouseClicked(WorldSelectionList.java:413) ~[forge-1.20.1-47.1.3_mapped_parchment_2023.06.26-1.20.1-recomp.jar:?]
	at net.minecraft.client.gui.components.AbstractSelectionList.mouseClicked(AbstractSelectionList.java:298) ~[forge-1.20.1-47.1.3_mapped_parchment_2023.06.26-1.20.1-recomp.jar:?]
	at net.minecraft.client.gui.components.events.ContainerEventHandler.mouseClicked(ContainerEventHandler.java:42) ~[forge-1.20.1-47.1.3_mapped_parchment_2023.06.26-1.20.1-recomp.jar:?]
	at net.minecraft.client.MouseHandler.lambda$onPress$0(MouseHandler.java:97) ~[forge-1.20.1-47.1.3_mapped_parchment_2023.06.26-1.20.1-recomp.jar:?]
	at net.minecraft.client.gui.screens.Screen.wrapScreenError(Screen.java:437) ~[forge-1.20.1-47.1.3_mapped_parchment_2023.06.26-1.20.1-recomp.jar:?]
	at net.minecraft.client.MouseHandler.onPress(MouseHandler.java:94) ~[forge-1.20.1-47.1.3_mapped_parchment_2023.06.26-1.20.1-recomp.jar:?]
	at net.minecraft.client.MouseHandler.lambda$setup$4(MouseHandler.java:199) ~[forge-1.20.1-47.1.3_mapped_parchment_2023.06.26-1.20.1-recomp.jar:?]
	at net.minecraft.util.thread.BlockableEventLoop.execute(BlockableEventLoop.java:90) ~[forge-1.20.1-47.1.3_mapped_parchment_2023.06.26-1.20.1-recomp.jar:?]
	at net.minecraft.client.MouseHandler.lambda$setup$5(MouseHandler.java:198) ~[forge-1.20.1-47.1.3_mapped_parchment_2023.06.26-1.20.1-recomp.jar:?]
	at org.lwjgl.glfw.GLFWMouseButtonCallbackI.callback(GLFWMouseButtonCallbackI.java:43) ~[lwjgl-glfw-3.3.1.jar:build 7]
	at org.lwjgl.system.JNI.invokeV(Native Method) ~[lwjgl-3.3.1.jar:build 7]
	at org.lwjgl.glfw.GLFW.glfwWaitEventsTimeout(GLFW.java:3474) ~[lwjgl-glfw-3.3.1.jar:build 7]
	at com.mojang.blaze3d.systems.RenderSystem.limitDisplayFPS(RenderSystem.java:207) ~[forge-1.20.1-47.1.3_mapped_parchment_2023.06.26-1.20.1-recomp.jar:?]
	at net.minecraft.client.Minecraft.runTick(Minecraft.java:1199) ~[forge-1.20.1-47.1.3_mapped_parchment_2023.06.26-1.20.1-recomp.jar:?]
	at net.minecraft.client.Minecraft.run(Minecraft.java:723) ~[forge-1.20.1-47.1.3_mapped_parchment_2023.06.26-1.20.1-recomp.jar:?]
	at net.minecraft.client.main.Main.main(Main.java:218) ~[forge-1.20.1-47.1.3_mapped_parchment_2023.06.26-1.20.1-recomp.jar:?]
	at jdk.internal.reflect.NativeMethodAccessorImpl.invoke0(Native Method) ~[?:?]
	at jdk.internal.reflect.NativeMethodAccessorImpl.invoke(NativeMethodAccessorImpl.java:77) ~[?:?]
	at jdk.internal.reflect.DelegatingMethodAccessorImpl.invoke(DelegatingMethodAccessorImpl.java:43) ~[?:?]
	at java.lang.reflect.Method.invoke(Method.java:569) ~[?:?]
	at net.minecraftforge.fml.loading.targets.CommonLaunchHandler.runTarget(CommonLaunchHandler.java:111) ~[fmlloader-1.20.1-47.1.3.jar:?]
	at net.minecraftforge.fml.loading.targets.CommonLaunchHandler.clientService(CommonLaunchHandler.java:99) ~[fmlloader-1.20.1-47.1.3.jar:?]
	at net.minecraftforge.fml.loading.targets.ForgeClientUserdevLaunchHandler.devService(ForgeClientUserdevLaunchHandler.java:19) ~[fmlloader-1.20.1-47.1.3.jar:?]
	at net.minecraftforge.fml.loading.targets.CommonDevLaunchHandler.lambda$makeService$7(CommonDevLaunchHandler.java:135) ~[fmlloader-1.20.1-47.1.3.jar:?]
	at cpw.mods.modlauncher.LaunchServiceHandlerDecorator.launch(LaunchServiceHandlerDecorator.java:30) ~[modlauncher-10.0.9.jar:?]
	at cpw.mods.modlauncher.LaunchServiceHandler.launch(LaunchServiceHandler.java:53) ~[modlauncher-10.0.9.jar:?]
	at cpw.mods.modlauncher.LaunchServiceHandler.launch(LaunchServiceHandler.java:71) ~[modlauncher-10.0.9.jar:?]
	at cpw.mods.modlauncher.Launcher.run(Launcher.java:108) ~[modlauncher-10.0.9.jar:?]
	at cpw.mods.modlauncher.Launcher.main(Launcher.java:78) ~[modlauncher-10.0.9.jar:?]
	at cpw.mods.modlauncher.BootstrapLaunchConsumer.accept(BootstrapLaunchConsumer.java:26) ~[modlauncher-10.0.9.jar:?]
	at cpw.mods.modlauncher.BootstrapLaunchConsumer.accept(BootstrapLaunchConsumer.java:23) ~[modlauncher-10.0.9.jar:?]
	at cpw.mods.bootstraplauncher.BootstrapLauncher.main(BootstrapLauncher.java:141) ~[bootstraplauncher-1.1.2.jar:?]
[10Jan2026 13:25:16.026] [Render thread/INFO] [net.minecraft.world.item.crafting.RecipeManager/]: Loaded 8 recipes
[10Jan2026 13:25:16.107] [Render thread/INFO] [net.minecraft.advancements.AdvancementList/]: Loaded 1283 advancements
[10Jan2026 13:25:16.381] [Render thread/DEBUG] [net.minecraftforge.common.ForgeHooks/WP]: Gathering id map for writing to world save New World
[10Jan2026 13:25:16.386] [Render thread/DEBUG] [net.minecraftforge.common.ForgeHooks/WP]: ID Map collection complete New World
[10Jan2026 13:25:16.438] [Server thread/INFO] [net.minecraft.client.server.IntegratedServer/]: Starting integrated minecraft server version 1.20.1
[10Jan2026 13:25:16.438] [Server thread/INFO] [net.minecraft.server.MinecraftServer/]: Generating keypair
[10Jan2026 13:25:16.543] [Server thread/DEBUG] [net.minecraftforge.fml.config.ConfigTracker/CONFIG]: Loading configs type SERVER
[10Jan2026 13:25:16.543] [Server thread/DEBUG] [net.minecraftforge.fml.config.ConfigFileTypeHandler/CONFIG]: Built TOML config for .\saves\New World (1)\serverconfig\jei-server.toml
[10Jan2026 13:25:16.544] [Server thread/DEBUG] [net.minecraftforge.fml.config.ConfigFileTypeHandler/CONFIG]: Loaded TOML config file .\saves\New World (1)\serverconfig\jei-server.toml
[10Jan2026 13:25:16.544] [Server thread/DEBUG] [net.minecraftforge.fml.config.ConfigFileTypeHandler/CONFIG]: Watching TOML config file .\saves\New World (1)\serverconfig\jei-server.toml for changes
[10Jan2026 13:25:16.545] [Server thread/DEBUG] [net.minecraftforge.fml.config.ConfigFileTypeHandler/CONFIG]: Built TOML config for .\saves\New World (1)\serverconfig\forge-server.toml
[10Jan2026 13:25:16.546] [Server thread/DEBUG] [net.minecraftforge.fml.config.ConfigFileTypeHandler/CONFIG]: Loaded TOML config file .\saves\New World (1)\serverconfig\forge-server.toml
[10Jan2026 13:25:16.546] [Server thread/DEBUG] [net.minecraftforge.fml.config.ConfigFileTypeHandler/CONFIG]: Watching TOML config file .\saves\New World (1)\serverconfig\forge-server.toml for changes
[10Jan2026 13:25:16.546] [Server thread/DEBUG] [net.minecraftforge.common.ForgeConfig/FORGEMOD]: Loaded forge config file forge-server.toml
[10Jan2026 13:25:16.576] [Server thread/INFO] [terrablender/]: Initialized TerraBlender biomes for level stem minecraft:the_nether
[10Jan2026 13:25:16.581] [Server thread/DEBUG] [net.minecraftforge.coremod.transformer.CoreModBaseTransformer/COREMOD]: Transforming net/minecraft/world/level/levelgen/PhantomSpawner
[10Jan2026 13:25:16.586] [Server thread/DEBUG] [net.minecraftforge.coremod.transformer.CoreModBaseTransformer/COREMOD]: Transforming net/minecraft/world/level/levelgen/PatrolSpawner
[10Jan2026 13:25:16.590] [Server thread/DEBUG] [net.minecraftforge.coremod.transformer.CoreModBaseTransformer/COREMOD]: Transforming net/minecraft/world/entity/npc/CatSpawner
[10Jan2026 13:25:16.593] [Server thread/DEBUG] [net.minecraftforge.coremod.transformer.CoreModBaseTransformer/COREMOD]: Transforming net/minecraft/world/entity/ai/village/VillageSiege
[10Jan2026 13:25:17.305] [Server thread/INFO] [net.minecraft.server.MinecraftServer/]: Preparing start region for dimension minecraft:overworld
[10Jan2026 13:25:18.991] [Render thread/INFO] [net.minecraft.server.level.progress.LoggerChunkProgressListener/]: Preparing spawn area: 0%
[10Jan2026 13:25:19.010] [Render thread/INFO] [net.minecraft.server.level.progress.LoggerChunkProgressListener/]: Preparing spawn area: 0%
[10Jan2026 13:25:19.010] [Render thread/INFO] [net.minecraft.server.level.progress.LoggerChunkProgressListener/]: Preparing spawn area: 0%
[10Jan2026 13:25:19.010] [Render thread/INFO] [net.minecraft.server.level.progress.LoggerChunkProgressListener/]: Preparing spawn area: 0%
[10Jan2026 13:25:19.315] [Render thread/INFO] [net.minecraft.server.level.progress.LoggerChunkProgressListener/]: Preparing spawn area: 0%
[10Jan2026 13:25:19.823] [Render thread/INFO] [net.minecraft.server.level.progress.LoggerChunkProgressListener/]: Preparing spawn area: 85%
[10Jan2026 13:25:19.855] [Server thread/INFO] [net.minecraftforge.server.permission.PermissionAPI/]: Successfully initialized permission handler forge:default_handler
[10Jan2026 13:25:19.859] [Render thread/INFO] [net.minecraft.server.level.progress.LoggerChunkProgressListener/]: Time elapsed: 2547 ms
[10Jan2026 13:25:19.910] [Server thread/DEBUG] [io.netty.buffer.AbstractByteBuf/]: -Dio.netty.buffer.checkAccessible: true
[10Jan2026 13:25:19.910] [Server thread/DEBUG] [io.netty.buffer.AbstractByteBuf/]: -Dio.netty.buffer.checkBounds: true
[10Jan2026 13:25:19.911] [Server thread/DEBUG] [io.netty.util.ResourceLeakDetectorFactory/]: Loaded default ResourceLeakDetector: io.netty.util.ResourceLeakDetector@6fa841c5
[10Jan2026 13:25:19.928] [Server thread/DEBUG] [net.minecraftforge.coremod.transformer.CoreModBaseTransformer/COREMOD]: Transforming net/minecraft/world/level/NaturalSpawner
[10Jan2026 13:25:20.014] [Server thread/INFO] [net.minecraft.client.server.IntegratedServer/]: Changing view distance to 12, from 10
[10Jan2026 13:25:20.016] [Server thread/INFO] [net.minecraft.client.server.IntegratedServer/]: Changing simulation distance to 12, from 0
[10Jan2026 13:25:20.031] [Render thread/DEBUG] [io.netty.channel.MultithreadEventLoopGroup/]: -Dio.netty.eventLoopThreads: 24
[10Jan2026 13:25:20.049] [Render thread/DEBUG] [io.netty.util.internal.InternalThreadLocalMap/]: -Dio.netty.threadLocalMap.stringBuilder.initialSize: 1024
[10Jan2026 13:25:20.049] [Render thread/DEBUG] [io.netty.util.internal.InternalThreadLocalMap/]: -Dio.netty.threadLocalMap.stringBuilder.maxSize: 4096
[10Jan2026 13:25:20.056] [Render thread/DEBUG] [io.netty.channel.nio.NioEventLoop/]: -Dio.netty.noKeySetOptimization: false
[10Jan2026 13:25:20.056] [Render thread/DEBUG] [io.netty.channel.nio.NioEventLoop/]: -Dio.netty.selectorAutoRebuildThreshold: 512
[10Jan2026 13:25:20.059] [Render thread/DEBUG] [io.netty.util.internal.PlatformDependent/]: org.jctools-core.MpscChunkedArrayQueue: available
[10Jan2026 13:25:20.096] [Render thread/DEBUG] [io.netty.channel.DefaultChannelId/]: -Dio.netty.processId: 8440 (auto-detected)
[10Jan2026 13:25:20.097] [Render thread/WARN] [io.netty.util.internal.SystemPropertyUtil/]: Unable to parse the boolean system property 'java.net.preferIPv6Addresses':system - using the default value: false
[10Jan2026 13:25:20.097] [Render thread/DEBUG] [io.netty.util.NetUtil/]: -Djava.net.preferIPv4Stack: false
[10Jan2026 13:25:20.097] [Render thread/DEBUG] [io.netty.util.NetUtil/]: -Djava.net.preferIPv6Addresses: false
[10Jan2026 13:25:20.107] [Render thread/DEBUG] [io.netty.util.NetUtilInitializations/]: Loopback interface: lo (Software Loopback Interface 1, 127.0.0.1)
[10Jan2026 13:25:20.110] [Render thread/DEBUG] [io.netty.util.NetUtil/]: Failed to get SOMAXCONN from sysctl and file \proc\sys\net\core\somaxconn. Default: 200
[10Jan2026 13:25:20.142] [Render thread/DEBUG] [io.netty.channel.DefaultChannelId/]: -Dio.netty.machineId: 20:0b:74:ff:fe:36:67:01 (auto-detected)
[10Jan2026 13:25:20.158] [Render thread/DEBUG] [io.netty.buffer.PooledByteBufAllocator/]: -Dio.netty.allocator.numHeapArenas: 24
[10Jan2026 13:25:20.158] [Render thread/DEBUG] [io.netty.buffer.PooledByteBufAllocator/]: -Dio.netty.allocator.numDirectArenas: 24
[10Jan2026 13:25:20.158] [Render thread/DEBUG] [io.netty.buffer.PooledByteBufAllocator/]: -Dio.netty.allocator.pageSize: 8192
[10Jan2026 13:25:20.159] [Render thread/DEBUG] [io.netty.buffer.PooledByteBufAllocator/]: -Dio.netty.allocator.maxOrder: 9
[10Jan2026 13:25:20.159] [Render thread/DEBUG] [io.netty.buffer.PooledByteBufAllocator/]: -Dio.netty.allocator.chunkSize: 4194304
[10Jan2026 13:25:20.159] [Render thread/DEBUG] [io.netty.buffer.PooledByteBufAllocator/]: -Dio.netty.allocator.smallCacheSize: 256
[10Jan2026 13:25:20.159] [Render thread/DEBUG] [io.netty.buffer.PooledByteBufAllocator/]: -Dio.netty.allocator.normalCacheSize: 64
[10Jan2026 13:25:20.159] [Render thread/DEBUG] [io.netty.buffer.PooledByteBufAllocator/]: -Dio.netty.allocator.maxCachedBufferCapacity: 32768
[10Jan2026 13:25:20.159] [Render thread/DEBUG] [io.netty.buffer.PooledByteBufAllocator/]: -Dio.netty.allocator.cacheTrimInterval: 8192
[10Jan2026 13:25:20.159] [Render thread/DEBUG] [io.netty.buffer.PooledByteBufAllocator/]: -Dio.netty.allocator.cacheTrimIntervalMillis: 0
[10Jan2026 13:25:20.159] [Render thread/DEBUG] [io.netty.buffer.PooledByteBufAllocator/]: -Dio.netty.allocator.useCacheForAllThreads: false
[10Jan2026 13:25:20.159] [Render thread/DEBUG] [io.netty.buffer.PooledByteBufAllocator/]: -Dio.netty.allocator.maxCachedByteBuffersPerChunk: 1023
[10Jan2026 13:25:20.168] [Render thread/DEBUG] [io.netty.buffer.ByteBufUtil/]: -Dio.netty.allocator.type: pooled
[10Jan2026 13:25:20.168] [Render thread/DEBUG] [io.netty.buffer.ByteBufUtil/]: -Dio.netty.threadLocalDirectBufferSize: 0
[10Jan2026 13:25:20.168] [Render thread/DEBUG] [io.netty.buffer.ByteBufUtil/]: -Dio.netty.maxThreadLocalCharBufferSize: 16384
[10Jan2026 13:25:20.201] [Netty Local Client IO #0/DEBUG] [net.minecraftforge.network.HandshakeHandler/FMLHANDSHAKE]: Starting local connection.
[10Jan2026 13:25:20.288] [Netty Local Client IO #0/DEBUG] [io.netty.util.Recycler/]: -Dio.netty.recycler.maxCapacityPerThread: 4096
[10Jan2026 13:25:20.288] [Netty Local Client IO #0/DEBUG] [io.netty.util.Recycler/]: -Dio.netty.recycler.ratio: 8
[10Jan2026 13:25:20.288] [Netty Local Client IO #0/DEBUG] [io.netty.util.Recycler/]: -Dio.netty.recycler.chunkSize: 32
[10Jan2026 13:25:20.288] [Netty Local Client IO #0/DEBUG] [io.netty.util.Recycler/]: -Dio.netty.recycler.blocking: false
[10Jan2026 13:25:20.298] [Netty Server IO #1/DEBUG] [net.minecraftforge.network.HandshakeHandler/FMLHANDSHAKE]: Starting local connection.
[10Jan2026 13:25:20.308] [Server thread/DEBUG] [net.minecraftforge.network.HandshakeHandler/FMLHANDSHAKE]: Sending ticking packet info 'net.minecraftforge.network.HandshakeMessages$S2CModData' to 'fml:handshake' sequence 0
[10Jan2026 13:25:20.311] [Netty Local Client IO #0/DEBUG] [net.minecraftforge.network.LoginWrapper/FMLHANDSHAKE]: Recieved login wrapper packet event for channel fml:handshake with index 0
[10Jan2026 13:25:20.327] [Server thread/DEBUG] [net.minecraftforge.network.HandshakeHandler/FMLHANDSHAKE]: Sending ticking packet info 'net.minecraftforge.network.HandshakeMessages$S2CModList' to 'fml:handshake' sequence 1
[10Jan2026 13:25:20.327] [Netty Local Client IO #0/DEBUG] [net.minecraftforge.network.LoginWrapper/FMLHANDSHAKE]: Recieved login wrapper packet event for channel fml:handshake with index 1
[10Jan2026 13:25:20.328] [Netty Local Client IO #0/DEBUG] [net.minecraftforge.network.HandshakeHandler/FMLHANDSHAKE]: Logging into server with mod list [minecraft, terrablender, forge, jei, netherspace]
[10Jan2026 13:25:20.329] [Netty Local Client IO #0/DEBUG] [net.minecraftforge.network.NetworkRegistry/NETREGISTRY]: Channel 'fml:loginwrapper' : Version test of 'FML3' from server : ACCEPTED
[10Jan2026 13:25:20.329] [Netty Local Client IO #0/DEBUG] [net.minecraftforge.network.NetworkRegistry/NETREGISTRY]: Channel 'forge:tier_sorting' : Version test of '1.0' from server : ACCEPTED
[10Jan2026 13:25:20.329] [Netty Local Client IO #0/DEBUG] [net.minecraftforge.network.NetworkRegistry/NETREGISTRY]: Channel 'fml:handshake' : Version test of 'FML3' from server : ACCEPTED
[10Jan2026 13:25:20.329] [Netty Local Client IO #0/DEBUG] [net.minecraftforge.network.NetworkRegistry/NETREGISTRY]: Channel 'jei:channel' : Version test of '1.0.0' from server : ACCEPTED
[10Jan2026 13:25:20.329] [Netty Local Client IO #0/DEBUG] [net.minecraftforge.network.NetworkRegistry/NETREGISTRY]: Channel 'minecraft:unregister' : Version test of 'FML3' from server : ACCEPTED
[10Jan2026 13:25:20.329] [Netty Local Client IO #0/DEBUG] [net.minecraftforge.network.NetworkRegistry/NETREGISTRY]: Channel 'fml:play' : Version test of 'FML3' from server : ACCEPTED
[10Jan2026 13:25:20.330] [Netty Local Client IO #0/DEBUG] [net.minecraftforge.network.NetworkRegistry/NETREGISTRY]: Channel 'minecraft:register' : Version test of 'FML3' from server : ACCEPTED
[10Jan2026 13:25:20.330] [Netty Local Client IO #0/DEBUG] [net.minecraftforge.network.NetworkRegistry/NETREGISTRY]: Channel 'forge:split' : Version test of '1.1' from server : ACCEPTED
[10Jan2026 13:25:20.330] [Netty Local Client IO #0/DEBUG] [net.minecraftforge.network.NetworkRegistry/NETREGISTRY]: Accepting channel list from server
[10Jan2026 13:25:20.331] [Netty Local Client IO #0/DEBUG] [net.minecraftforge.network.LoginWrapper/FMLHANDSHAKE]: Dispatching wrapped packet reply for channel fml:handshake with index 1
[10Jan2026 13:25:20.331] [Netty Local Client IO #0/DEBUG] [net.minecraftforge.network.HandshakeHandler/FMLHANDSHAKE]: Accepted server connection
[10Jan2026 13:25:20.331] [Netty Server IO #1/DEBUG] [net.minecraftforge.network.LoginWrapper/FMLHANDSHAKE]: Recieved login wrapper packet event for channel fml:handshake with index 1
[10Jan2026 13:25:20.331] [Netty Server IO #1/DEBUG] [net.minecraftforge.network.HandshakeHandler/FMLHANDSHAKE]: Received client indexed reply 1 of type net.minecraftforge.network.HandshakeMessages$C2SModListReply
[10Jan2026 13:25:20.331] [Netty Local Client IO #0/DEBUG] [net.minecraftforge.network.HandshakeHandler/REGISTRIES]: Expecting 19 registries: [minecraft:command_argument_type, minecraft:recipe_serializer, minecraft:sound_event, minecraft:particle_type, minecraft:villager_profession, minecraft:item, minecraft:potion, minecraft:painting_variant, forge:fluid_type, minecraft:block_entity_type, forge:display_contexts, minecraft:block, forge:entity_data_serializers, minecraft:mob_effect, minecraft:stat_type, minecraft:menu, minecraft:enchantment, minecraft:fluid, minecraft:entity_type]
[10Jan2026 13:25:20.333] [Netty Server IO #1/DEBUG] [net.minecraftforge.network.HandshakeHandler/FMLHANDSHAKE]: Received client connection with modlist [minecraft, terrablender, forge, jei, netherspace]
[10Jan2026 13:25:20.333] [Netty Server IO #1/DEBUG] [net.minecraftforge.network.NetworkRegistry/NETREGISTRY]: Channel 'fml:loginwrapper' : Version test of 'FML3' from client : ACCEPTED
[10Jan2026 13:25:20.333] [Netty Server IO #1/DEBUG] [net.minecraftforge.network.NetworkRegistry/NETREGISTRY]: Channel 'forge:tier_sorting' : Version test of '1.0' from client : ACCEPTED
[10Jan2026 13:25:20.333] [Netty Server IO #1/DEBUG] [net.minecraftforge.network.NetworkRegistry/NETREGISTRY]: Channel 'fml:handshake' : Version test of 'FML3' from client : ACCEPTED
[10Jan2026 13:25:20.333] [Netty Server IO #1/DEBUG] [net.minecraftforge.network.NetworkRegistry/NETREGISTRY]: Channel 'jei:channel' : Version test of '1.0.0' from client : ACCEPTED
[10Jan2026 13:25:20.333] [Netty Server IO #1/DEBUG] [net.minecraftforge.network.NetworkRegistry/NETREGISTRY]: Channel 'minecraft:unregister' : Version test of 'FML3' from client : ACCEPTED
[10Jan2026 13:25:20.333] [Netty Server IO #1/DEBUG] [net.minecraftforge.network.NetworkRegistry/NETREGISTRY]: Channel 'fml:play' : Version test of 'FML3' from client : ACCEPTED
[10Jan2026 13:25:20.333] [Netty Server IO #1/DEBUG] [net.minecraftforge.network.NetworkRegistry/NETREGISTRY]: Channel 'minecraft:register' : Version test of 'FML3' from client : ACCEPTED
[10Jan2026 13:25:20.333] [Netty Server IO #1/DEBUG] [net.minecraftforge.network.NetworkRegistry/NETREGISTRY]: Channel 'forge:split' : Version test of '1.1' from client : ACCEPTED
[10Jan2026 13:25:20.334] [Netty Server IO #1/DEBUG] [net.minecraftforge.network.NetworkRegistry/NETREGISTRY]: Accepting channel list from client
[10Jan2026 13:25:20.334] [Netty Server IO #1/DEBUG] [net.minecraftforge.network.HandshakeHandler/FMLHANDSHAKE]: Accepted client connection mod list
[10Jan2026 13:25:20.363] [Server thread/DEBUG] [net.minecraftforge.network.HandshakeHandler/FMLHANDSHAKE]: Sending ticking packet info 'Config jei-server.toml' to 'fml:handshake' sequence 2
[10Jan2026 13:25:20.363] [Netty Local Client IO #0/DEBUG] [net.minecraftforge.network.LoginWrapper/FMLHANDSHAKE]: Recieved login wrapper packet event for channel fml:handshake with index 2
[10Jan2026 13:25:20.365] [Netty Local Client IO #0/DEBUG] [net.minecraftforge.network.HandshakeHandler/FMLHANDSHAKE]: Received config sync from server
[10Jan2026 13:25:20.365] [Netty Local Client IO #0/DEBUG] [net.minecraftforge.network.LoginWrapper/FMLHANDSHAKE]: Dispatching wrapped packet reply for channel fml:handshake with index 2
[10Jan2026 13:25:20.365] [Netty Server IO #1/DEBUG] [net.minecraftforge.network.LoginWrapper/FMLHANDSHAKE]: Recieved login wrapper packet event for channel fml:handshake with index 2
[10Jan2026 13:25:20.365] [Netty Server IO #1/DEBUG] [net.minecraftforge.network.HandshakeHandler/FMLHANDSHAKE]: Received client indexed reply 2 of type net.minecraftforge.network.HandshakeMessages$C2SAcknowledge
[10Jan2026 13:25:20.365] [Netty Server IO #1/DEBUG] [net.minecraftforge.network.HandshakeHandler/FMLHANDSHAKE]: Received acknowledgement from client
[10Jan2026 13:25:20.435] [Server thread/DEBUG] [net.minecraftforge.network.HandshakeHandler/FMLHANDSHAKE]: Sending ticking packet info 'Config forge-server.toml' to 'fml:handshake' sequence 3
[10Jan2026 13:25:20.435] [Netty Local Client IO #0/DEBUG] [net.minecraftforge.network.LoginWrapper/FMLHANDSHAKE]: Recieved login wrapper packet event for channel fml:handshake with index 3
[10Jan2026 13:25:20.435] [Netty Local Client IO #0/DEBUG] [net.minecraftforge.network.HandshakeHandler/FMLHANDSHAKE]: Received config sync from server
[10Jan2026 13:25:20.435] [Netty Local Client IO #0/DEBUG] [net.minecraftforge.network.LoginWrapper/FMLHANDSHAKE]: Dispatching wrapped packet reply for channel fml:handshake with index 3
[10Jan2026 13:25:20.437] [Netty Server IO #1/DEBUG] [net.minecraftforge.network.LoginWrapper/FMLHANDSHAKE]: Recieved login wrapper packet event for channel fml:handshake with index 3
[10Jan2026 13:25:20.437] [Netty Server IO #1/DEBUG] [net.minecraftforge.network.HandshakeHandler/FMLHANDSHAKE]: Received client indexed reply 3 of type net.minecraftforge.network.HandshakeMessages$C2SAcknowledge
[10Jan2026 13:25:20.437] [Netty Server IO #1/DEBUG] [net.minecraftforge.network.HandshakeHandler/FMLHANDSHAKE]: Received acknowledgement from client
[10Jan2026 13:25:20.465] [Server thread/DEBUG] [net.minecraftforge.network.HandshakeHandler/FMLHANDSHAKE]: Handshake complete!
[10Jan2026 13:25:20.499] [Netty Local Client IO #0/INFO] [net.minecraftforge.network.NetworkHooks/]: Connected to a modded server.
[10Jan2026 13:25:20.546] [Server thread/INFO] [net.minecraft.server.players.PlayerList/]: Dev[local:E:dee54dd5] logged in with entity id 148 at (4.447044814192344, 68.0, -0.3234154497066359)
[10Jan2026 13:25:20.595] [Server thread/INFO] [net.minecraft.server.MinecraftServer/]: Dev joined the game
[10Jan2026 13:25:20.658] [Render thread/INFO] [mezz.jei.forge.startup.StartEventObserver/]: JEI StartEventObserver received class net.minecraftforge.client.event.ClientPlayerNetworkEvent$LoggingIn
[10Jan2026 13:25:20.658] [Render thread/INFO] [mezz.jei.forge.startup.StartEventObserver/]: JEI StartEventObserver transitioning state from DISABLED to ENABLED
[10Jan2026 13:25:20.666] [Render thread/WARN] [net.minecraft.client.ClientRecipeBook/]: Unknown recipe category: [!!!com.mojang.logging.LogUtils$1ToString@3b9d5218=>java.lang.NullPointerException:Cannot invoke "Object.toString()" because the return value of "java.util.function.Supplier.get()" is null!!!]/netherspace:lumix_ingot_from_gem_polishing
[10Jan2026 13:25:20.666] [Render thread/WARN] [net.minecraft.client.ClientRecipeBook/]: Unknown recipe category: [!!!com.mojang.logging.LogUtils$1ToString@5f8089d2=>java.lang.NullPointerException:Cannot invoke "Object.toString()" because the return value of "java.util.function.Supplier.get()" is null!!!]/netherspace:nether_ingot_from_gem_polishing
[10Jan2026 13:25:20.671] [Render thread/WARN] [net.minecraft.client.ClientRecipeBook/]: Unknown recipe category: [!!!com.mojang.logging.LogUtils$1ToString@644e9953=>java.lang.NullPointerException:Cannot invoke "Object.toString()" because the return value of "java.util.function.Supplier.get()" is null!!!]/netherspace:skuly_ingot_from_gem_polishing
[10Jan2026 13:25:20.671] [Render thread/WARN] [net.minecraft.client.ClientRecipeBook/]: Unknown recipe category: [!!!com.mojang.logging.LogUtils$1ToString@36821a1b=>java.lang.NullPointerException:Cannot invoke "Object.toString()" because the return value of "java.util.function.Supplier.get()" is null!!!]/netherspace:diamond_from_gem_polishing
[10Jan2026 13:25:20.672] [Render thread/WARN] [net.minecraft.client.ClientRecipeBook/]: Unknown recipe category: [!!!com.mojang.logging.LogUtils$1ToString@2c05ccdb=>java.lang.NullPointerException:Cannot invoke "Object.toString()" because the return value of "java.util.function.Supplier.get()" is null!!!]/netherspace:hori_ingot_from_gem_polishing
[10Jan2026 13:25:20.780] [Render thread/INFO] [mezz.jei.forge.startup.StartEventObserver/]: JEI StartEventObserver received class net.minecraftforge.client.event.RecipesUpdatedEvent
[10Jan2026 13:25:20.793] [Render thread/INFO] [mezz.jei.forge.startup.StartEventObserver/]: JEI StartEventObserver received class net.minecraftforge.event.TagsUpdatedEvent
[10Jan2026 13:25:20.793] [Render thread/INFO] [mezz.jei.forge.startup.StartEventObserver/]: JEI StartEventObserver transitioning state from ENABLED to JEI_STARTED
[10Jan2026 13:25:20.793] [Render thread/INFO] [mezz.jei.core.util.LoggedTimer/]: Starting JEI...
[10Jan2026 13:25:20.799] [Render thread/INFO] [mezz.jei.library.load.PluginCaller/]: Registering item subtypes...
[10Jan2026 13:25:20.799] [Render thread/DEBUG] [mezz.jei.library.load.PluginCallerTimerRunnable/]: Registering item subtypes: jei:minecraft...
[10Jan2026 13:25:20.802] [Render thread/DEBUG] [mezz.jei.library.load.PluginCallerTimerRunnable/]: Registering item subtypes: jei:debug...
[10Jan2026 13:25:20.802] [Render thread/DEBUG] [mezz.jei.library.load.PluginCallerTimerRunnable/]: Registering item subtypes: jei:gui...
[10Jan2026 13:25:20.802] [Render thread/DEBUG] [mezz.jei.library.load.PluginCallerTimerRunnable/]: Registering item subtypes: jei:forge_gui...
[10Jan2026 13:25:20.802] [Render thread/DEBUG] [mezz.jei.library.load.PluginCallerTimerRunnable/]: Registering item subtypes: netherspace:jei_plugin...
[10Jan2026 13:25:20.802] [Render thread/DEBUG] [mezz.jei.library.load.PluginCallerTimerRunnable/]: Registering item subtypes: jei:internal...
[10Jan2026 13:25:20.802] [Render thread/INFO] [mezz.jei.library.load.PluginCaller/]: Registering item subtypes took 3.598 ms
[10Jan2026 13:25:20.803] [Render thread/INFO] [mezz.jei.library.load.PluginCaller/]: Registering fluid subtypes...
[10Jan2026 13:25:20.803] [Render thread/DEBUG] [mezz.jei.library.load.PluginCallerTimerRunnable/]: Registering fluid subtypes: jei:minecraft...
[10Jan2026 13:25:20.803] [Render thread/DEBUG] [mezz.jei.library.load.PluginCallerTimerRunnable/]: Registering fluid subtypes: jei:debug...
[10Jan2026 13:25:20.805] [Render thread/DEBUG] [mezz.jei.library.load.PluginCallerTimerRunnable/]: Registering fluid subtypes: jei:gui...
[10Jan2026 13:25:20.805] [Render thread/DEBUG] [mezz.jei.library.load.PluginCallerTimerRunnable/]: Registering fluid subtypes: jei:forge_gui...
[10Jan2026 13:25:20.805] [Render thread/DEBUG] [mezz.jei.library.load.PluginCallerTimerRunnable/]: Registering fluid subtypes: netherspace:jei_plugin...
[10Jan2026 13:25:20.805] [Render thread/DEBUG] [mezz.jei.library.load.PluginCallerTimerRunnable/]: Registering fluid subtypes: jei:internal...
[10Jan2026 13:25:20.805] [Render thread/INFO] [mezz.jei.library.load.PluginCaller/]: Registering fluid subtypes took 1.670 ms
[10Jan2026 13:25:20.806] [Render thread/INFO] [mezz.jei.library.load.PluginCaller/]: Registering ingredients...
[10Jan2026 13:25:20.806] [Render thread/DEBUG] [mezz.jei.library.load.PluginCallerTimerRunnable/]: Registering ingredients: jei:minecraft...
[10Jan2026 13:25:20.815] [Render thread/DEBUG] [mezz.jei.library.plugins.vanilla.ingredients.ItemStackListFactory/]: Added 348/348 new items from creative tab: Building Blocks
[10Jan2026 13:25:20.817] [Render thread/DEBUG] [mezz.jei.library.plugins.vanilla.ingredients.ItemStackListFactory/]: Added 198/198 new items from creative tab: Colored Blocks
[10Jan2026 13:25:20.820] [Render thread/DEBUG] [mezz.jei.library.plugins.vanilla.ingredients.ItemStackListFactory/]: Added 202/226 new items from creative tab: Natural Blocks
[10Jan2026 13:25:20.825] [Render thread/DEBUG] [mezz.jei.library.plugins.vanilla.ingredients.ItemStackListFactory/]: Added 117/196 new items from creative tab: Functional Blocks
[10Jan2026 13:25:20.826] [Render thread/DEBUG] [mezz.jei.library.plugins.vanilla.ingredients.ItemStackListFactory/]: Added 28/62 new items from creative tab: Redstone Blocks
[10Jan2026 13:25:20.826] [Render thread/DEBUG] [mezz.jei.library.plugins.vanilla.ingredients.ItemStackListFactory/]: Skipping creative tab: 'Saved Hotbars' because it is type: HOTBAR
[10Jan2026 13:25:20.826] [Render thread/DEBUG] [mezz.jei.library.plugins.vanilla.ingredients.ItemStackListFactory/]: Skipping creative tab: 'Search Items' because it is type: SEARCH
[10Jan2026 13:25:20.828] [Render thread/DEBUG] [mezz.jei.library.plugins.vanilla.ingredients.ItemStackListFactory/]: Added 97/109 new items from creative tab: Tools & Utilities
[10Jan2026 13:25:20.832] [Render thread/DEBUG] [mezz.jei.library.plugins.vanilla.ingredients.ItemStackListFactory/]: Added 86/97 new items from creative tab: Combat
[10Jan2026 13:25:20.836] [Render thread/DEBUG] [mezz.jei.library.plugins.vanilla.ingredients.ItemStackListFactory/]: Added 173/176 new items from creative tab: Food & Drinks
[10Jan2026 13:25:20.842] [Render thread/DEBUG] [mezz.jei.library.plugins.vanilla.ingredients.ItemStackListFactory/]: Added 233/247 new items from creative tab: Ingredients
[10Jan2026 13:25:20.844] [Render thread/DEBUG] [mezz.jei.library.plugins.vanilla.ingredients.ItemStackListFactory/]: Added 76/76 new items from creative tab: Spawn Eggs
[10Jan2026 13:25:20.844] [Render thread/WARN] [mezz.jei.library.plugins.vanilla.ingredients.ItemStackListFactory/]: Item Group has no display items and no search tab display items. Items from this group will be missing from the JEI ingredient list. Operator Utilities
[10Jan2026 13:25:20.844] [Render thread/DEBUG] [mezz.jei.library.plugins.vanilla.ingredients.ItemStackListFactory/]: Skipping creative tab: 'Survival Inventory' because it is type: INVENTORY
[10Jan2026 13:25:20.845] [Render thread/DEBUG] [mezz.jei.library.plugins.vanilla.ingredients.ItemStackListFactory/]: Added 63/65 new items from creative tab: Neither Space
[10Jan2026 13:25:20.859] [Render thread/INFO] [mezz.jei.library.load.PluginCallerTimerRunnable/]: Registering ingredients: jei:minecraft took 53.22 milliseconds
[10Jan2026 13:25:20.859] [Render thread/DEBUG] [mezz.jei.library.load.PluginCallerTimerRunnable/]: Registering ingredients: jei:debug...
[10Jan2026 13:25:20.859] [Render thread/DEBUG] [mezz.jei.library.load.PluginCallerTimerRunnable/]: Registering ingredients: jei:gui...
[10Jan2026 13:25:20.859] [Render thread/DEBUG] [mezz.jei.library.load.PluginCallerTimerRunnable/]: Registering ingredients: jei:forge_gui...
[10Jan2026 13:25:20.860] [Render thread/DEBUG] [mezz.jei.library.load.PluginCallerTimerRunnable/]: Registering ingredients: netherspace:jei_plugin...
[10Jan2026 13:25:20.860] [Render thread/DEBUG] [mezz.jei.library.load.PluginCallerTimerRunnable/]: Registering ingredients: jei:internal...
[10Jan2026 13:25:20.860] [Render thread/INFO] [mezz.jei.library.load.PluginCaller/]: Registering ingredients took 53.99 ms
[10Jan2026 13:25:20.869] [Render thread/INFO] [mezz.jei.library.load.PluginCaller/]: Registering categories...
[10Jan2026 13:25:20.869] [Render thread/DEBUG] [mezz.jei.library.load.PluginCallerTimerRunnable/]: Registering categories: jei:minecraft...
[10Jan2026 13:25:20.883] [Render thread/INFO] [mezz.jei.library.load.PluginCallerTimerRunnable/]: Registering categories: jei:minecraft took 14.44 milliseconds
[10Jan2026 13:25:20.883] [Render thread/DEBUG] [mezz.jei.library.load.PluginCallerTimerRunnable/]: Registering categories: jei:debug...
[10Jan2026 13:25:20.883] [Render thread/DEBUG] [mezz.jei.library.load.PluginCallerTimerRunnable/]: Registering categories: jei:gui...
[10Jan2026 13:25:20.883] [Render thread/DEBUG] [mezz.jei.library.load.PluginCallerTimerRunnable/]: Registering categories: jei:forge_gui...
[10Jan2026 13:25:20.883] [Render thread/DEBUG] [mezz.jei.library.load.PluginCallerTimerRunnable/]: Registering categories: netherspace:jei_plugin...
[10Jan2026 13:25:20.886] [Render thread/DEBUG] [mezz.jei.library.load.PluginCallerTimerRunnable/]: Registering categories: jei:internal...
[10Jan2026 13:25:20.886] [Render thread/INFO] [mezz.jei.library.load.PluginCaller/]: Registering categories took 17.15 ms
[10Jan2026 13:25:20.887] [Render thread/INFO] [mezz.jei.library.load.PluginCaller/]: Registering vanilla category extensions...
[10Jan2026 13:25:20.887] [Render thread/DEBUG] [mezz.jei.library.load.PluginCallerTimerRunnable/]: Registering vanilla category extensions: jei:minecraft...
[10Jan2026 13:25:20.889] [Render thread/DEBUG] [mezz.jei.library.load.PluginCallerTimerRunnable/]: Registering vanilla category extensions: jei:debug...
[10Jan2026 13:25:20.890] [Render thread/DEBUG] [mezz.jei.library.load.PluginCallerTimerRunnable/]: Registering vanilla category extensions: jei:gui...
[10Jan2026 13:25:20.890] [Render thread/DEBUG] [mezz.jei.library.load.PluginCallerTimerRunnable/]: Registering vanilla category extensions: jei:forge_gui...
[10Jan2026 13:25:20.890] [Render thread/DEBUG] [mezz.jei.library.load.PluginCallerTimerRunnable/]: Registering vanilla category extensions: netherspace:jei_plugin...
[10Jan2026 13:25:20.890] [Render thread/DEBUG] [mezz.jei.library.load.PluginCallerTimerRunnable/]: Registering vanilla category extensions: jei:internal...
[10Jan2026 13:25:20.890] [Render thread/INFO] [mezz.jei.library.load.PluginCaller/]: Registering vanilla category extensions took 2.363 ms
[10Jan2026 13:25:20.891] [Render thread/INFO] [mezz.jei.library.load.PluginCaller/]: Registering recipe catalysts...
[10Jan2026 13:25:20.891] [Render thread/DEBUG] [mezz.jei.library.load.PluginCallerTimerRunnable/]: Registering recipe catalysts: jei:minecraft...
[10Jan2026 13:25:20.892] [Render thread/DEBUG] [mezz.jei.library.load.PluginCallerTimerRunnable/]: Registering recipe catalysts: jei:debug...
[10Jan2026 13:25:20.892] [Render thread/DEBUG] [mezz.jei.library.load.PluginCallerTimerRunnable/]: Registering recipe catalysts: jei:gui...
[10Jan2026 13:25:20.892] [Render thread/DEBUG] [mezz.jei.library.load.PluginCallerTimerRunnable/]: Registering recipe catalysts: jei:forge_gui...
[10Jan2026 13:25:20.892] [Render thread/DEBUG] [mezz.jei.library.load.PluginCallerTimerRunnable/]: Registering recipe catalysts: netherspace:jei_plugin...
[10Jan2026 13:25:20.892] [Render thread/DEBUG] [mezz.jei.library.load.PluginCallerTimerRunnable/]: Registering recipe catalysts: jei:internal...
[10Jan2026 13:25:20.892] [Render thread/INFO] [mezz.jei.library.load.PluginCaller/]: Registering recipe catalysts took 645.4 μs
[10Jan2026 13:25:20.893] [Render thread/INFO] [mezz.jei.library.load.PluginCaller/]: Registering advanced plugins...
[10Jan2026 13:25:20.893] [Render thread/DEBUG] [mezz.jei.library.load.PluginCallerTimerRunnable/]: Registering advanced plugins: jei:minecraft...
[10Jan2026 13:25:20.893] [Render thread/DEBUG] [mezz.jei.library.load.PluginCallerTimerRunnable/]: Registering advanced plugins: jei:debug...
[10Jan2026 13:25:20.893] [Render thread/DEBUG] [mezz.jei.library.load.PluginCallerTimerRunnable/]: Registering advanced plugins: jei:gui...
[10Jan2026 13:25:20.893] [Render thread/DEBUG] [mezz.jei.library.load.PluginCallerTimerRunnable/]: Registering advanced plugins: jei:forge_gui...
[10Jan2026 13:25:20.893] [Render thread/DEBUG] [mezz.jei.library.load.PluginCallerTimerRunnable/]: Registering advanced plugins: netherspace:jei_plugin...
[10Jan2026 13:25:20.895] [Render thread/DEBUG] [mezz.jei.library.load.PluginCallerTimerRunnable/]: Registering advanced plugins: jei:internal...
[10Jan2026 13:25:20.895] [Render thread/INFO] [mezz.jei.library.load.PluginCaller/]: Registering advanced plugins took 708.6 μs
[10Jan2026 13:25:20.895] [Render thread/INFO] [mezz.jei.core.util.LoggedTimer/]: Building recipe registry...
[10Jan2026 13:25:20.902] [Render thread/INFO] [mezz.jei.core.util.LoggedTimer/]: Building recipe registry took 7.469 ms
[10Jan2026 13:25:20.903] [Render thread/INFO] [mezz.jei.library.load.PluginCaller/]: Registering recipes...
[10Jan2026 13:25:20.904] [Render thread/DEBUG] [mezz.jei.library.load.PluginCallerTimerRunnable/]: Registering recipes: jei:minecraft...
[10Jan2026 13:25:20.917] [Render thread/DEBUG] [mezz.jei.library.recipes.RecipeManagerInternal/]: Adding recipes: minecraft:crafting
[10Jan2026 13:25:20.939] [Render thread/DEBUG] [mezz.jei.library.recipes.RecipeManagerInternal/]: Adding recipes: minecraft:crafting
[10Jan2026 13:25:20.943] [Render thread/DEBUG] [mezz.jei.library.recipes.RecipeManagerInternal/]: Adding recipes: minecraft:stonecutting
[10Jan2026 13:25:20.944] [Render thread/DEBUG] [mezz.jei.library.recipes.RecipeManagerInternal/]: Adding recipes: minecraft:furnace
[10Jan2026 13:25:20.944] [Render thread/DEBUG] [mezz.jei.library.recipes.RecipeManagerInternal/]: Adding recipes: minecraft:smoking
[10Jan2026 13:25:20.945] [Render thread/DEBUG] [mezz.jei.library.recipes.RecipeManagerInternal/]: Adding recipes: minecraft:blasting
[10Jan2026 13:25:20.945] [Render thread/DEBUG] [mezz.jei.library.recipes.RecipeManagerInternal/]: Adding recipes: minecraft:campfire
[10Jan2026 13:25:20.948] [Render thread/DEBUG] [mezz.jei.library.recipes.RecipeManagerInternal/]: Adding recipes: minecraft:fuel
[10Jan2026 13:25:20.969] [Render thread/DEBUG] [mezz.jei.library.recipes.RecipeManagerInternal/]: Adding recipes: minecraft:anvil
[10Jan2026 13:25:20.985] [Render thread/DEBUG] [mezz.jei.library.recipes.RecipeManagerInternal/]: Adding recipes: minecraft:smithing
[10Jan2026 13:25:20.988] [Render thread/DEBUG] [mezz.jei.library.recipes.RecipeManagerInternal/]: Adding recipes: minecraft:compostable
[10Jan2026 13:25:21.033] [Render thread/DEBUG] [mezz.jei.library.recipes.RecipeManagerInternal/]: Adding recipes: minecraft:brewing
[10Jan2026 13:25:21.037] [Render thread/INFO] [mezz.jei.library.load.PluginCallerTimerRunnable/]: Registering recipes: jei:minecraft took 132.8 milliseconds
[10Jan2026 13:25:21.037] [Render thread/DEBUG] [mezz.jei.library.load.PluginCallerTimerRunnable/]: Registering recipes: jei:debug...
[10Jan2026 13:25:21.037] [Render thread/DEBUG] [mezz.jei.library.load.PluginCallerTimerRunnable/]: Registering recipes: jei:gui...
[10Jan2026 13:25:21.037] [Render thread/DEBUG] [mezz.jei.library.load.PluginCallerTimerRunnable/]: Registering recipes: jei:forge_gui...
[10Jan2026 13:25:21.037] [Render thread/DEBUG] [mezz.jei.library.load.PluginCallerTimerRunnable/]: Registering recipes: netherspace:jei_plugin...
[10Jan2026 13:25:21.037] [Render thread/DEBUG] [mezz.jei.library.recipes.RecipeManagerInternal/]: Adding recipes: netherspace:gem_polishing
[10Jan2026 13:25:21.038] [Render thread/DEBUG] [mezz.jei.library.load.PluginCallerTimerRunnable/]: Registering recipes: jei:internal...
[10Jan2026 13:25:21.038] [Render thread/INFO] [mezz.jei.library.load.PluginCaller/]: Registering recipes took 133.8 ms
[10Jan2026 13:25:21.041] [Render thread/INFO] [mezz.jei.library.load.PluginCaller/]: Registering recipes transfer handlers...
[10Jan2026 13:25:21.041] [Render thread/DEBUG] [mezz.jei.library.load.PluginCallerTimerRunnable/]: Registering recipes transfer handlers: jei:minecraft...
[10Jan2026 13:25:21.045] [Render thread/DEBUG] [mezz.jei.library.load.PluginCallerTimerRunnable/]: Registering recipes transfer handlers: jei:debug...
[10Jan2026 13:25:21.045] [Render thread/DEBUG] [mezz.jei.library.load.PluginCallerTimerRunnable/]: Registering recipes transfer handlers: jei:gui...
[10Jan2026 13:25:21.045] [Render thread/DEBUG] [mezz.jei.library.load.PluginCallerTimerRunnable/]: Registering recipes transfer handlers: jei:forge_gui...
[10Jan2026 13:25:21.045] [Render thread/DEBUG] [mezz.jei.library.load.PluginCallerTimerRunnable/]: Registering recipes transfer handlers: netherspace:jei_plugin...
[10Jan2026 13:25:21.045] [Render thread/DEBUG] [mezz.jei.library.load.PluginCallerTimerRunnable/]: Registering recipes transfer handlers: jei:internal...
[10Jan2026 13:25:21.045] [Render thread/INFO] [mezz.jei.library.load.PluginCaller/]: Registering recipes transfer handlers took 3.444 ms
[10Jan2026 13:25:21.050] [Render thread/INFO] [mezz.jei.core.util.LoggedTimer/]: Building runtime...
[10Jan2026 13:25:21.053] [Render thread/INFO] [mezz.jei.library.load.PluginCaller/]: Registering gui handlers...
[10Jan2026 13:25:21.054] [Render thread/DEBUG] [mezz.jei.library.load.PluginCallerTimerRunnable/]: Registering gui handlers: jei:minecraft...
[10Jan2026 13:25:21.055] [Render thread/DEBUG] [mezz.jei.library.load.PluginCallerTimerRunnable/]: Registering gui handlers: jei:debug...
[10Jan2026 13:25:21.055] [Render thread/DEBUG] [mezz.jei.library.load.PluginCallerTimerRunnable/]: Registering gui handlers: jei:gui...
[10Jan2026 13:25:21.059] [Render thread/DEBUG] [mezz.jei.library.load.PluginCallerTimerRunnable/]: Registering gui handlers: jei:forge_gui...
[10Jan2026 13:25:21.059] [Render thread/DEBUG] [mezz.jei.library.load.PluginCallerTimerRunnable/]: Registering gui handlers: netherspace:jei_plugin...
[10Jan2026 13:25:21.059] [Render thread/DEBUG] [mezz.jei.library.load.PluginCallerTimerRunnable/]: Registering gui handlers: jei:internal...
[10Jan2026 13:25:21.059] [Render thread/INFO] [mezz.jei.library.load.PluginCaller/]: Registering gui handlers took 6.311 ms
[10Jan2026 13:25:21.062] [Render thread/INFO] [mezz.jei.library.load.PluginCaller/]: Registering Runtime...
[10Jan2026 13:25:21.063] [Render thread/DEBUG] [mezz.jei.library.load.PluginCallerTimerRunnable/]: Registering Runtime: jei:minecraft...
[10Jan2026 13:25:21.063] [Render thread/DEBUG] [mezz.jei.library.load.PluginCallerTimerRunnable/]: Registering Runtime: jei:debug...
[10Jan2026 13:25:21.063] [Render thread/DEBUG] [mezz.jei.library.load.PluginCallerTimerRunnable/]: Registering Runtime: jei:gui...
[10Jan2026 13:25:21.063] [Render thread/DEBUG] [mezz.jei.library.load.PluginCallerTimerRunnable/]: Registering Runtime: jei:forge_gui...
[10Jan2026 13:25:21.063] [Render thread/INFO] [mezz.jei.gui.startup.JeiGuiStarter/]: Starting JEI GUI
[10Jan2026 13:25:21.066] [Render thread/INFO] [mezz.jei.core.util.LoggedTimer/]: Building ingredient list...
[10Jan2026 13:25:21.066] [Render thread/DEBUG] [mezz.jei.gui.ingredients.IngredientListElementFactory/]: Registering ingredients: ItemStack
[10Jan2026 13:25:21.068] [Render thread/DEBUG] [mezz.jei.gui.ingredients.IngredientListElementFactory/]: Registering ingredients: FluidStack
[10Jan2026 13:25:21.068] [Render thread/INFO] [mezz.jei.core.util.LoggedTimer/]: Building ingredient list took 2.505 ms
[10Jan2026 13:25:21.068] [Render thread/INFO] [mezz.jei.core.util.LoggedTimer/]: Building ingredient filter...
[10Jan2026 13:25:21.083] [Render thread/INFO] [mezz.jei.gui.ingredients.IngredientFilter/]: Adding 1623 ingredients
[10Jan2026 13:25:21.193] [Render thread/DEBUG] [io.netty.util.internal.ThreadLocalRandom/]: -Dio.netty.initialSeedUniquifier: 0xb38962c8b3af6d9c
[10Jan2026 13:25:21.232] [Render thread/INFO] [mezz.jei.gui.ingredients.IngredientFilter/]: Added 1623/1623 ingredients
[10Jan2026 13:25:21.234] [Render thread/INFO] [mezz.jei.core.util.LoggedTimer/]: Building ingredient filter took 166.3 ms
[10Jan2026 13:25:21.303] [Render thread/INFO] [mezz.jei.library.load.PluginCallerTimerRunnable/]: Registering Runtime: jei:forge_gui took 239.4 milliseconds
[10Jan2026 13:25:21.303] [Render thread/DEBUG] [mezz.jei.library.load.PluginCallerTimerRunnable/]: Registering Runtime: netherspace:jei_plugin...
[10Jan2026 13:25:21.303] [Render thread/DEBUG] [mezz.jei.library.load.PluginCallerTimerRunnable/]: Registering Runtime: jei:internal...
[10Jan2026 13:25:21.303] [Render thread/INFO] [mezz.jei.library.load.PluginCaller/]: Registering Runtime took 240.4 ms
[10Jan2026 13:25:21.304] [Render thread/INFO] [mezz.jei.core.util.LoggedTimer/]: Building runtime took 254.1 ms
[10Jan2026 13:25:21.304] [Render thread/INFO] [mezz.jei.library.load.PluginCaller/]: Sending Runtime...
[10Jan2026 13:25:21.304] [Render thread/DEBUG] [mezz.jei.library.load.PluginCallerTimerRunnable/]: Sending Runtime: jei:minecraft...
[10Jan2026 13:25:21.304] [Render thread/DEBUG] [mezz.jei.library.load.PluginCallerTimerRunnable/]: Sending Runtime: jei:debug...
[10Jan2026 13:25:21.304] [Render thread/DEBUG] [mezz.jei.library.load.PluginCallerTimerRunnable/]: Sending Runtime: jei:gui...
[10Jan2026 13:25:21.304] [Render thread/DEBUG] [mezz.jei.library.load.PluginCallerTimerRunnable/]: Sending Runtime: jei:forge_gui...
[10Jan2026 13:25:21.304] [Render thread/DEBUG] [mezz.jei.library.load.PluginCallerTimerRunnable/]: Sending Runtime: netherspace:jei_plugin...
[10Jan2026 13:25:21.304] [Render thread/DEBUG] [mezz.jei.library.load.PluginCallerTimerRunnable/]: Sending Runtime: jei:internal...
[10Jan2026 13:25:21.304] [Render thread/INFO] [mezz.jei.library.load.PluginCaller/]: Sending Runtime took 441.3 μs
[10Jan2026 13:25:21.304] [Render thread/INFO] [mezz.jei.core.util.LoggedTimer/]: Starting JEI took 512.1 ms
[10Jan2026 13:25:21.668] [Render thread/INFO] [net.minecraft.advancements.AdvancementList/]: Loaded 205 advancements
[10Jan2026 13:25:58.647] [Render thread/INFO] [net.minecraft.client.gui.components.ChatComponent/]: [System] [CHAT] No Valuables Found!
[10Jan2026 13:25:58.844] [Render thread/INFO] [net.minecraft.client.gui.components.ChatComponent/]: [System] [CHAT] Found Copper Ore at (-6, 51, -21)
[10Jan2026 13:25:59.046] [Render thread/INFO] [net.minecraft.client.gui.components.ChatComponent/]: [System] [CHAT] Found Gold Ore at (-5, 48, -21)
[10Jan2026 13:25:59.246] [Render thread/INFO] [net.minecraft.client.gui.components.ChatComponent/]: [System] [CHAT] Found Coal Ore at (-5, 63, -20)
[10Jan2026 13:25:59.448] [Render thread/INFO] [net.minecraft.client.gui.components.ChatComponent/]: [System] [CHAT] Found Coal Ore at (-4, 63, -20)
[10Jan2026 13:25:59.648] [Render thread/INFO] [net.minecraft.client.gui.components.ChatComponent/]: [System] [CHAT] Found Coal Ore at (-4, 63, -19)
[10Jan2026 13:25:59.850] [Render thread/INFO] [net.minecraft.client.gui.components.ChatComponent/]: [System] [CHAT] Found Coal Ore at (-4, 63, -19)
[10Jan2026 13:26:00.796] [Render thread/INFO] [net.minecraft.client.gui.components.ChatComponent/]: [System] [CHAT] Found Coal Ore at (-4, 63, -20)
[10Jan2026 13:26:00.996] [Render thread/INFO] [net.minecraft.client.gui.components.ChatComponent/]: [System] [CHAT] Found Coal Ore at (-4, 63, -20)
[10Jan2026 13:26:01.247] [Render thread/INFO] [net.minecraft.client.gui.components.ChatComponent/]: [System] [CHAT] Found Coal Ore at (-4, 63, -20)
[10Jan2026 13:26:01.447] [Render thread/INFO] [net.minecraft.client.gui.components.ChatComponent/]: [System] [CHAT] Found Coal Ore at (-4, 63, -20)
[10Jan2026 13:26:01.649] [Render thread/INFO] [net.minecraft.client.gui.components.ChatComponent/]: [System] [CHAT] Found Coal Ore at (-5, 63, -20)
[10Jan2026 13:26:02.041] [Render thread/INFO] [net.minecraft.client.gui.components.ChatComponent/]: [System] [CHAT] Found Gold Ore at (-5, 48, -21)
[10Jan2026 13:26:02.243] [Render thread/INFO] [net.minecraft.client.gui.components.ChatComponent/]: [System] [CHAT] Found Copper Ore at (-6, 51, -21)
[10Jan2026 13:26:02.444] [Render thread/INFO] [net.minecraft.client.gui.components.ChatComponent/]: [System] [CHAT] Found Coal Ore at (-7, 62, -21)
[10Jan2026 13:26:02.647] [Render thread/INFO] [net.minecraft.client.gui.components.ChatComponent/]: [System] [CHAT] No Valuables Found!
[10Jan2026 13:26:02.847] [Render thread/INFO] [net.minecraft.client.gui.components.ChatComponent/]: [System] [CHAT] Found Coal Ore at (-8, 54, -22)
[10Jan2026 13:26:03.048] [Render thread/INFO] [net.minecraft.client.gui.components.ChatComponent/]: [System] [CHAT] Found Iron Ore at (-9, 47, -23)
[10Jan2026 13:26:03.241] [Render thread/INFO] [net.minecraft.client.gui.components.ChatComponent/]: [System] [CHAT] Found Iron Ore at (-9, 47, -23)
[10Jan2026 13:26:03.443] [Render thread/INFO] [net.minecraft.client.gui.components.ChatComponent/]: [System] [CHAT] Found Iron Ore at (-9, 47, -23)
[10Jan2026 13:26:04.349] [Render thread/INFO] [net.minecraft.client.gui.components.ChatComponent/]: [System] [CHAT] Found Copper Ore at (-10, 57, -24)
[10Jan2026 13:26:04.550] [Render thread/INFO] [net.minecraft.client.gui.components.ChatComponent/]: [System] [CHAT] No Valuables Found!
[10Jan2026 13:26:04.743] [Render thread/INFO] [net.minecraft.client.gui.components.ChatComponent/]: [System] [CHAT] No Valuables Found!
[10Jan2026 13:26:04.946] [Render thread/INFO] [net.minecraft.client.gui.components.ChatComponent/]: [System] [CHAT] No Valuables Found!
[10Jan2026 13:26:05.147] [Render thread/INFO] [net.minecraft.client.gui.components.ChatComponent/]: [System] [CHAT] No Valuables Found!
[10Jan2026 13:26:05.349] [Render thread/INFO] [net.minecraft.client.gui.components.ChatComponent/]: [System] [CHAT] Found Deepslate Gold Ore at (-14, -58, -26)
[10Jan2026 13:26:05.543] [Render thread/INFO] [net.minecraft.client.gui.components.ChatComponent/]: [System] [CHAT] Found Deepslate Gold Ore at (-14, -58, -26)
[10Jan2026 13:26:05.743] [Render thread/INFO] [net.minecraft.client.gui.components.ChatComponent/]: [System] [CHAT] Found Copper Ore at (-15, 21, -26)
[10Jan2026 13:26:05.945] [Render thread/INFO] [net.minecraft.client.gui.components.ChatComponent/]: [System] [CHAT] No Valuables Found!
[10Jan2026 13:26:06.146] [Render thread/INFO] [net.minecraft.client.gui.components.ChatComponent/]: [System] [CHAT] Found Deepslate Lapis Lazuli Ore at (-16, -30, -27)
[10Jan2026 13:26:06.347] [Render thread/INFO] [net.minecraft.client.gui.components.ChatComponent/]: [System] [CHAT] No Valuables Found!
[10Jan2026 13:26:06.548] [Render thread/INFO] [net.minecraft.client.gui.components.ChatComponent/]: [System] [CHAT] Found Copper Ore at (-18, 64, -28)
[10Jan2026 13:26:06.748] [Render thread/INFO] [net.minecraft.client.gui.components.ChatComponent/]: [System] [CHAT] Found Copper Ore at (-18, 64, -28)
[10Jan2026 13:26:06.949] [Render thread/INFO] [net.minecraft.client.gui.components.ChatComponent/]: [System] [CHAT] Found Copper Ore at (-18, 64, -28)
[10Jan2026 13:26:08.291] [Render thread/INFO] [net.minecraft.client.gui.components.ChatComponent/]: [System] [CHAT] Found Copper Ore at (-19, 63, -28)
[10Jan2026 13:26:09.097] [Render thread/INFO] [net.minecraft.client.gui.components.ChatComponent/]: [System] [CHAT] Found Copper Ore at (-19, 63, -28)
[10Jan2026 13:26:09.795] [Render thread/INFO] [net.minecraft.client.gui.components.ChatComponent/]: [System] [CHAT] Found Coal Ore at (-20, 54, -29)
[10Jan2026 13:26:10.499] [Render thread/INFO] [net.minecraft.client.gui.components.ChatComponent/]: [System] [CHAT] Found Coal Ore at (-20, 54, -29)
[10Jan2026 13:26:11.094] [Render thread/INFO] [net.minecraft.client.gui.components.ChatComponent/]: [System] [CHAT] Found Coal Ore at (-20, 54, -29)
[10Jan2026 13:26:11.697] [Render thread/INFO] [net.minecraft.client.gui.components.ChatComponent/]: [System] [CHAT] Found Coal Ore at (-21, 54, -29)
[10Jan2026 13:26:12.198] [Render thread/INFO] [net.minecraft.client.gui.components.ChatComponent/]: [System] [CHAT] Found Coal Ore at (-21, 54, -29)
[10Jan2026 13:26:12.895] [Render thread/INFO] [net.minecraft.client.gui.components.ChatComponent/]: [System] [CHAT] Found Coal Ore at (-22, 54, -30)
[10Jan2026 13:26:13.499] [Render thread/INFO] [net.minecraft.client.gui.components.ChatComponent/]: [System] [CHAT] Found Coal Ore at (-22, 54, -30)
[10Jan2026 13:26:13.943] [Render thread/INFO] [net.minecraft.client.gui.components.ChatComponent/]: [System] [CHAT] Found Deepslate Copper Ore at (-23, -2, -30)
[10Jan2026 13:26:14.545] [Render thread/INFO] [net.minecraft.client.gui.components.ChatComponent/]: [System] [CHAT] No Valuables Found!
[10Jan2026 13:26:15.247] [Render thread/INFO] [net.minecraft.client.gui.components.ChatComponent/]: [System] [CHAT] No Valuables Found!
[10Jan2026 13:26:15.793] [Render thread/INFO] [net.minecraft.client.gui.components.ChatComponent/]: [System] [CHAT] Found Gold Ore at (-25, 48, -31)
[10Jan2026 13:26:16.396] [Render thread/INFO] [net.minecraft.client.gui.components.ChatComponent/]: [System] [CHAT] Found Gold Ore at (-25, 48, -32)
[10Jan2026 13:26:17.000] [Render thread/INFO] [net.minecraft.client.gui.components.ChatComponent/]: [System] [CHAT] Found Gold Ore at (-26, 49, -32)
[10Jan2026 13:26:17.595] [Render thread/INFO] [net.minecraft.client.gui.components.ChatComponent/]: [System] [CHAT] Found Iron Ore at (-27, 44, -32)
[10Jan2026 13:26:18.197] [Render thread/INFO] [net.minecraft.client.gui.components.ChatComponent/]: [System] [CHAT] Found Iron Ore at (-27, 44, -32)
[10Jan2026 13:26:18.792] [Render thread/INFO] [net.minecraft.client.gui.components.ChatComponent/]: [System] [CHAT] Found Iron Ore at (-28, 12, -33)
[10Jan2026 13:26:19.396] [Render thread/INFO] [net.minecraft.client.gui.components.ChatComponent/]: [System] [CHAT] Found Iron Ore at (-28, 12, -33)
[10Jan2026 13:26:19.743] [Worker-Main-5/DEBUG] [net.minecraftforge.coremod.transformer.CoreModBaseTransformer/COREMOD]: Transforming net/minecraft/world/level/levelgen/structure/templatesystem/StructureTemplate
[10Jan2026 13:26:20.095] [Render thread/INFO] [net.minecraft.client.gui.components.ChatComponent/]: [System] [CHAT] Found Copper Ore at (-29, 45, -33)
[10Jan2026 13:26:20.748] [Render thread/INFO] [net.minecraft.client.gui.components.ChatComponent/]: [System] [CHAT] Found Copper Ore at (-29, 45, -34)
[10Jan2026 13:26:21.397] [Render thread/INFO] [net.minecraft.client.gui.components.ChatComponent/]: [System] [CHAT] Found Deepslate Gold Ore at (-30, 3, -34)
[10Jan2026 13:26:22.046] [Render thread/INFO] [net.minecraft.client.gui.components.ChatComponent/]: [System] [CHAT] Found Deepslate Gold Ore at (-31, 4, -34)
[10Jan2026 13:26:22.747] [Render thread/INFO] [net.minecraft.client.gui.components.ChatComponent/]: [System] [CHAT] Found Deepslate Gold Ore at (-31, 4, -34)
[10Jan2026 13:26:23.393] [Render thread/INFO] [net.minecraft.client.gui.components.ChatComponent/]: [System] [CHAT] No Valuables Found!
[10Jan2026 13:26:24.043] [Render thread/INFO] [net.minecraft.client.gui.components.ChatComponent/]: [System] [CHAT] No Valuables Found!
[10Jan2026 13:26:24.597] [Render thread/INFO] [net.minecraft.client.gui.components.ChatComponent/]: [System] [CHAT] No Valuables Found!
[10Jan2026 13:26:24.797] [Render thread/INFO] [net.minecraft.client.gui.components.ChatComponent/]: [System] [CHAT] No Valuables Found!
[10Jan2026 13:26:24.999] [Render thread/INFO] [net.minecraft.client.gui.components.ChatComponent/]: [System] [CHAT] No Valuables Found!
[10Jan2026 13:26:25.193] [Render thread/INFO] [net.minecraft.client.gui.components.ChatComponent/]: [System] [CHAT] Found Gold Ore at (-34, 49, -36)
[10Jan2026 13:26:25.394] [Render thread/INFO] [net.minecraft.client.gui.components.ChatComponent/]: [System] [CHAT] Found Gold Ore at (-34, 49, -36)
[10Jan2026 13:26:25.596] [Render thread/INFO] [net.minecraft.client.gui.components.ChatComponent/]: [System] [CHAT] Found Gold Ore at (-34, 49, -36)
[10Jan2026 13:26:25.797] [Render thread/INFO] [net.minecraft.client.gui.components.ChatComponent/]: [System] [CHAT] Found Gold Ore at (-35, 49, -36)
[10Jan2026 13:26:25.998] [Render thread/INFO] [net.minecraft.client.gui.components.ChatComponent/]: [System] [CHAT] Found Iron Ore at (-36, 19, -37)
[10Jan2026 13:26:26.198] [Render thread/INFO] [net.minecraft.client.gui.components.ChatComponent/]: [System] [CHAT] Found Iron Ore at (-36, 19, -37)
[10Jan2026 13:26:26.399] [Render thread/INFO] [net.minecraft.client.gui.components.ChatComponent/]: [System] [CHAT] Found Iron Ore at (-37, 18, -37)
[10Jan2026 13:26:26.600] [Render thread/INFO] [net.minecraft.client.gui.components.ChatComponent/]: [System] [CHAT] Found Copper Ore at (-38, 49, -38)
[10Jan2026 13:26:26.794] [Render thread/INFO] [net.minecraft.client.gui.components.ChatComponent/]: [System] [CHAT] No Valuables Found!
[10Jan2026 13:26:26.995] [Render thread/INFO] [net.minecraft.client.gui.components.ChatComponent/]: [System] [CHAT] Found Coal Ore at (-40, 31, -38)
[10Jan2026 13:26:27.195] [Render thread/INFO] [net.minecraft.client.gui.components.ChatComponent/]: [System] [CHAT] Found Coal Ore at (-40, 31, -38)
[10Jan2026 13:26:27.395] [Render thread/INFO] [net.minecraft.client.gui.components.ChatComponent/]: [System] [CHAT] Found Copper Ore at (-41, 36, -38)
[10Jan2026 13:26:27.596] [Render thread/INFO] [net.minecraft.client.gui.components.ChatComponent/]: [System] [CHAT] Found Gold Ore at (-42, 50, -38)
[10Jan2026 13:26:27.798] [Render thread/INFO] [net.minecraft.client.gui.components.ChatComponent/]: [System] [CHAT] Found Gold Ore at (-42, 50, -38)
[10Jan2026 13:26:27.993] [Render thread/INFO] [net.minecraft.client.gui.components.ChatComponent/]: [System] [CHAT] Found Gold Ore at (-42, 50, -38)
[10Jan2026 13:26:28.193] [Render thread/INFO] [net.minecraft.client.gui.components.ChatComponent/]: [System] [CHAT] Found Copper Ore at (-42, 36, -39)
[10Jan2026 13:26:28.395] [Render thread/INFO] [net.minecraft.client.gui.components.ChatComponent/]: [System] [CHAT] Found Copper Ore at (-42, 36, -39)
[10Jan2026 13:26:28.597] [Render thread/INFO] [net.minecraft.client.gui.components.ChatComponent/]: [System] [CHAT] Found Copper Ore at (-42, 36, -40)
[10Jan2026 13:26:28.798] [Render thread/INFO] [net.minecraft.client.gui.components.ChatComponent/]: [System] [CHAT] Found Copper Ore at (-42, 36, -40)
[10Jan2026 13:26:29.000] [Render thread/INFO] [net.minecraft.client.gui.components.ChatComponent/]: [System] [CHAT] Found Copper Ore at (-42, 36, -40)
[10Jan2026 13:26:29.194] [Render thread/INFO] [net.minecraft.client.gui.components.ChatComponent/]: [System] [CHAT] Found Copper Ore at (-42, 31, -41)
[10Jan2026 13:26:29.395] [Render thread/INFO] [net.minecraft.client.gui.components.ChatComponent/]: [System] [CHAT] Found Copper Ore at (-43, 31, -41)
[10Jan2026 13:26:29.597] [Render thread/INFO] [net.minecraft.client.gui.components.ChatComponent/]: [System] [CHAT] No Valuables Found!
[10Jan2026 13:26:29.797] [Render thread/INFO] [net.minecraft.client.gui.components.ChatComponent/]: [System] [CHAT] No Valuables Found!
[10Jan2026 13:26:29.998] [Render thread/INFO] [net.minecraft.client.gui.components.ChatComponent/]: [System] [CHAT] Found Iron Ore at (-45, 61, -41)
[10Jan2026 13:26:30.192] [Render thread/INFO] [net.minecraft.client.gui.components.ChatComponent/]: [System] [CHAT] No Valuables Found!
[10Jan2026 13:26:30.393] [Render thread/INFO] [net.minecraft.client.gui.components.ChatComponent/]: [System] [CHAT] No Valuables Found!
[10Jan2026 13:26:30.593] [Render thread/INFO] [net.minecraft.client.gui.components.ChatComponent/]: [System] [CHAT] No Valuables Found!
[10Jan2026 13:26:31.396] [Render thread/INFO] [net.minecraft.client.gui.components.ChatComponent/]: [System] [CHAT] No Valuables Found!
[10Jan2026 13:26:31.942] [Render thread/INFO] [net.minecraft.client.gui.components.ChatComponent/]: [System] [CHAT] No Valuables Found!
[10Jan2026 13:26:32.546] [Render thread/INFO] [net.minecraft.client.gui.components.ChatComponent/]: [System] [CHAT] Found Copper Ore at (-47, 41, -45)
[10Jan2026 13:26:33.142] [Render thread/INFO] [net.minecraft.client.gui.components.ChatComponent/]: [System] [CHAT] Found Copper Ore at (-48, 61, -45)
[10Jan2026 13:26:33.696] [Render thread/INFO] [net.minecraft.client.gui.components.ChatComponent/]: [System] [CHAT] Found Copper Ore at (-48, 40, -46)
[10Jan2026 13:26:34.946] [Render thread/INFO] [net.minecraft.client.gui.components.ChatComponent/]: [System] [CHAT] Found Copper Ore at (-49, 40, -46)
[10Jan2026 13:26:36.042] [Render thread/INFO] [net.minecraft.client.gui.components.ChatComponent/]: [System] [CHAT] Found Lapis Lazuli Ore at (-50, 27, -47)
[10Jan2026 13:26:37.047] [Render thread/INFO] [net.minecraft.client.gui.components.ChatComponent/]: [System] [CHAT] No Valuables Found!
[10Jan2026 13:26:38.847] [Render thread/INFO] [net.minecraft.client.gui.components.ChatComponent/]: [System] [CHAT] No Valuables Found!
[10Jan2026 13:26:39.871] [Render thread/INFO] [net.minecraft.client.gui.components.ChatComponent/]: [System] [CHAT] Found Iron Ore at (-53, 47, -49)
[10Jan2026 13:26:41.047] [Render thread/INFO] [net.minecraft.client.gui.components.ChatComponent/]: [System] [CHAT] Found Gold Ore at (-54, 60, -50)
[10Jan2026 13:26:42.295] [Render thread/INFO] [net.minecraft.client.gui.components.ChatComponent/]: [System] [CHAT] Found Gold Ore at (-55, 41, -52)
[10Jan2026 13:26:42.496] [Render thread/INFO] [net.minecraft.client.gui.components.ChatComponent/]: [System] [CHAT] Found Coal Ore at (-55, 23, -51)
[10Jan2026 13:26:42.696] [Render thread/INFO] [net.minecraft.client.gui.components.ChatComponent/]: [System] [CHAT] Found Coal Ore at (-55, 23, -51)
[10Jan2026 13:26:43.397] [Render thread/INFO] [net.minecraft.client.gui.components.ChatComponent/]: [System] [CHAT] Found Gold Ore at (-55, 41, -52)
[10Jan2026 13:26:43.749] [Render thread/INFO] [net.minecraft.client.gui.components.ChatComponent/]: [System] [CHAT] No Valuables Found!
[10Jan2026 13:26:44.049] [Render thread/INFO] [net.minecraft.client.gui.components.ChatComponent/]: [System] [CHAT] No Valuables Found!
[10Jan2026 13:26:44.242] [Render thread/INFO] [net.minecraft.client.gui.components.ChatComponent/]: [System] [CHAT] No Valuables Found!
[10Jan2026 13:26:44.392] [Render thread/INFO] [net.minecraft.client.gui.components.ChatComponent/]: [System] [CHAT] No Valuables Found!
[10Jan2026 13:26:44.694] [Render thread/INFO] [net.minecraft.client.gui.components.ChatComponent/]: [System] [CHAT] No Valuables Found!
[10Jan2026 13:26:44.896] [Render thread/INFO] [net.minecraft.client.gui.components.ChatComponent/]: [System] [CHAT] No Valuables Found!
[10Jan2026 13:26:45.096] [Render thread/INFO] [net.minecraft.client.gui.components.ChatComponent/]: [System] [CHAT] No Valuables Found!
[10Jan2026 13:26:45.297] [Render thread/INFO] [net.minecraft.client.gui.components.ChatComponent/]: [System] [CHAT] No Valuables Found!
[10Jan2026 13:26:45.499] [Render thread/INFO] [net.minecraft.client.gui.components.ChatComponent/]: [System] [CHAT] No Valuables Found!
[10Jan2026 13:26:45.694] [Render thread/INFO] [net.minecraft.client.gui.components.ChatComponent/]: [System] [CHAT] No Valuables Found!
[10Jan2026 13:26:45.895] [Render thread/INFO] [net.minecraft.client.gui.components.ChatComponent/]: [System] [CHAT] No Valuables Found!
[10Jan2026 13:26:46.096] [Render thread/INFO] [net.minecraft.client.gui.components.ChatComponent/]: [System] [CHAT] No Valuables Found!
[10Jan2026 13:26:46.297] [Render thread/INFO] [net.minecraft.client.gui.components.ChatComponent/]: [System] [CHAT] Found Copper Ore at (-60, 44, -56)
[10Jan2026 13:26:46.498] [Render thread/INFO] [net.minecraft.client.gui.components.ChatComponent/]: [System] [CHAT] Found Gold Ore at (-61, 56, -57)
[10Jan2026 13:26:46.698] [Render thread/INFO] [net.minecraft.client.gui.components.ChatComponent/]: [System] [CHAT] Found Gold Ore at (-61, 56, -57)
[10Jan2026 13:26:46.898] [Render thread/INFO] [net.minecraft.client.gui.components.ChatComponent/]: [System] [CHAT] Found Gold Ore at (-61, 57, -58)
[10Jan2026 13:26:47.093] [Render thread/INFO] [net.minecraft.client.gui.components.ChatComponent/]: [System] [CHAT] Found Deepslate Gold Ore at (-61, -45, -59)
[10Jan2026 13:26:47.295] [Render thread/INFO] [net.minecraft.client.gui.components.ChatComponent/]: [System] [CHAT] No Valuables Found!
[10Jan2026 13:26:47.496] [Render thread/INFO] [net.minecraft.client.gui.components.ChatComponent/]: [System] [CHAT] Found Iron Ore at (-61, 11, -61)
[10Jan2026 13:26:47.697] [Render thread/INFO] [net.minecraft.client.gui.components.ChatComponent/]: [System] [CHAT] Found Iron Ore at (-61, 11, -61)
[10Jan2026 13:26:47.900] [Render thread/INFO] [net.minecraft.client.gui.components.ChatComponent/]: [System] [CHAT] Found Iron Ore at (-62, 30, -62)
[10Jan2026 13:26:48.092] [Render thread/INFO] [net.minecraft.client.gui.components.ChatComponent/]: [System] [CHAT] Found Copper Ore at (-63, 39, -62)
[10Jan2026 13:26:48.294] [Render thread/INFO] [net.minecraft.client.gui.components.ChatComponent/]: [System] [CHAT] Found Copper Ore at (-64, 39, -63)
[10Jan2026 13:26:48.495] [Render thread/INFO] [net.minecraft.client.gui.components.ChatComponent/]: [System] [CHAT] Found Copper Ore at (-64, 39, -63)
[10Jan2026 13:26:48.696] [Render thread/INFO] [net.minecraft.client.gui.components.ChatComponent/]: [System] [CHAT] Found Coal Ore at (-65, 49, -64)
[10Jan2026 13:26:48.898] [Render thread/INFO] [net.minecraft.client.gui.components.ChatComponent/]: [System] [CHAT] Found Coal Ore at (-65, 49, -64)
[10Jan2026 13:26:49.099] [Render thread/INFO] [net.minecraft.client.gui.components.ChatComponent/]: [System] [CHAT] Found Copper Ore at (-65, 3, -65)
[10Jan2026 13:26:49.292] [Render thread/INFO] [net.minecraft.client.gui.components.ChatComponent/]: [System] [CHAT] Found Deepslate Copper Ore at (-65, 3, -66)
[10Jan2026 13:26:50.295] [Render thread/INFO] [net.minecraft.client.gui.components.ChatComponent/]: [System] [CHAT] Found Deepslate Copper Ore at (-65, 3, -66)
[10Jan2026 13:26:50.498] [Render thread/INFO] [net.minecraft.client.gui.components.ChatComponent/]: [System] [CHAT] No Valuables Found!
[10Jan2026 13:26:50.698] [Render thread/INFO] [net.minecraft.client.gui.components.ChatComponent/]: [System] [CHAT] No Valuables Found!
[10Jan2026 13:27:08.743] [Render thread/INFO] [net.minecraft.client.gui.components.ChatComponent/]: [System] [CHAT] Found Coal Ore at (2, 60, -4)
[10Jan2026 13:27:08.943] [Render thread/INFO] [net.minecraft.client.gui.components.ChatComponent/]: [System] [CHAT] Found Coal Ore at (2, 60, -4)
[10Jan2026 13:27:09.144] [Render thread/INFO] [net.minecraft.client.gui.components.ChatComponent/]: [System] [CHAT] Found Coal Ore at (3, 59, -3)
[10Jan2026 13:27:09.346] [Render thread/INFO] [net.minecraft.client.gui.components.ChatComponent/]: [System] [CHAT] Found Coal Ore at (4, 59, -3)
[10Jan2026 13:27:09.547] [Render thread/INFO] [net.minecraft.client.gui.components.ChatComponent/]: [System] [CHAT] Found Gold Ore at (5, 47, -2)
[10Jan2026 13:27:09.747] [Render thread/INFO] [net.minecraft.client.gui.components.ChatComponent/]: [System] [CHAT] Found Gold Ore at (5, 47, -2)
[10Jan2026 13:27:09.948] [Render thread/INFO] [net.minecraft.client.gui.components.ChatComponent/]: [System] [CHAT] Found Copper Ore at (6, 59, -2)
[10Jan2026 13:27:10.149] [Render thread/INFO] [net.minecraft.client.gui.components.ChatComponent/]: [System] [CHAT] Found Copper Ore at (7, 59, -2)
[10Jan2026 13:27:10.350] [Render thread/INFO] [net.minecraft.client.gui.components.ChatComponent/]: [System] [CHAT] No Valuables Found!
[10Jan2026 13:27:10.543] [Render thread/INFO] [net.minecraft.client.gui.components.ChatComponent/]: [System] [CHAT] No Valuables Found!
[10Jan2026 13:27:10.743] [Render thread/INFO] [net.minecraft.client.gui.components.ChatComponent/]: [System] [CHAT] No Valuables Found!
[10Jan2026 13:27:10.944] [Render thread/INFO] [net.minecraft.client.gui.components.ChatComponent/]: [System] [CHAT] Found Deepslate Gold Ore at (11, -60, -1)
[10Jan2026 13:27:11.145] [Render thread/INFO] [net.minecraft.client.gui.components.ChatComponent/]: [System] [CHAT] Found Deepslate Gold Ore at (11, -60, -1)
[10Jan2026 13:27:11.346] [Render thread/INFO] [net.minecraft.client.gui.components.ChatComponent/]: [System] [CHAT] Found Deepslate Gold Ore at (12, -60, -1)
[10Jan2026 13:27:11.547] [Render thread/INFO] [net.minecraft.client.gui.components.ChatComponent/]: [System] [CHAT] Found Deepslate Redstone Ore at (13, -62, -1)
[10Jan2026 13:27:11.748] [Render thread/INFO] [net.minecraft.client.gui.components.ChatComponent/]: [System] [CHAT] No Valuables Found!
[10Jan2026 13:27:11.942] [Render thread/INFO] [net.minecraft.client.gui.components.ChatComponent/]: [System] [CHAT] Found Deepslate Redstone Ore at (15, -59, -1)
[10Jan2026 13:27:12.143] [Render thread/INFO] [net.minecraft.client.gui.components.ChatComponent/]: [System] [CHAT] Found Deepslate Redstone Ore at (15, -59, -1)
[10Jan2026 13:27:12.346] [Render thread/INFO] [net.minecraft.client.gui.components.ChatComponent/]: [System] [CHAT] Found Deepslate Redstone Ore at (16, -59, -1)
[10Jan2026 13:27:12.547] [Render thread/INFO] [net.minecraft.client.gui.components.ChatComponent/]: [System] [CHAT] No Valuables Found!
[10Jan2026 13:27:13.400] [Render thread/INFO] [net.minecraft.client.gui.components.ChatComponent/]: [System] [CHAT] No Valuables Found!
[10Jan2026 13:27:13.592] [Render thread/INFO] [net.minecraft.client.gui.components.ChatComponent/]: [System] [CHAT] No Valuables Found!
[10Jan2026 13:27:13.795] [Render thread/INFO] [net.minecraft.client.gui.components.ChatComponent/]: [System] [CHAT] Found Coal Ore at (16, 57, 1)
[10Jan2026 13:27:13.995] [Render thread/INFO] [net.minecraft.client.gui.components.ChatComponent/]: [System] [CHAT] No Valuables Found!
[10Jan2026 13:27:14.194] [Render thread/INFO] [net.minecraft.client.gui.components.ChatComponent/]: [System] [CHAT] Found Coal Ore at (15, 58, 2)
[10Jan2026 13:27:14.394] [Render thread/INFO] [net.minecraft.client.gui.components.ChatComponent/]: [System] [CHAT] No Valuables Found!
[10Jan2026 13:27:14.595] [Render thread/INFO] [net.minecraft.client.gui.components.ChatComponent/]: [System] [CHAT] Found Gold Ore at (15, 58, 4)
[10Jan2026 13:27:14.795] [Render thread/INFO] [net.minecraft.client.gui.components.ChatComponent/]: [System] [CHAT] Found Gold Ore at (15, 58, 4)
[10Jan2026 13:27:14.996] [Render thread/INFO] [net.minecraft.client.gui.components.ChatComponent/]: [System] [CHAT] Found Gold Ore at (15, 58, 4)
[10Jan2026 13:27:15.200] [Render thread/INFO] [net.minecraft.client.gui.components.ChatComponent/]: [System] [CHAT] Found Gold Ore at (15, 58, 4)
[10Jan2026 13:27:15.400] [Render thread/INFO] [net.minecraft.client.gui.components.ChatComponent/]: [System] [CHAT] Found Gold Ore at (15, 58, 4)
[10Jan2026 13:27:15.593] [Render thread/INFO] [net.minecraft.client.gui.components.ChatComponent/]: [System] [CHAT] Found Iron Ore at (16, 15, 4)
[10Jan2026 13:27:15.794] [Render thread/INFO] [net.minecraft.client.gui.components.ChatComponent/]: [System] [CHAT] Found Iron Ore at (17, 15, 4)
[10Jan2026 13:27:15.996] [Render thread/INFO] [net.minecraft.client.gui.components.ChatComponent/]: [System] [CHAT] No Valuables Found!
[10Jan2026 13:27:16.198] [Render thread/INFO] [net.minecraft.client.gui.components.ChatComponent/]: [System] [CHAT] No Valuables Found!
[10Jan2026 13:27:16.397] [Render thread/INFO] [net.minecraft.client.gui.components.ChatComponent/]: [System] [CHAT] No Valuables Found!
[10Jan2026 13:27:16.597] [Render thread/INFO] [net.minecraft.client.gui.components.ChatComponent/]: [System] [CHAT] No Valuables Found!
[10Jan2026 13:27:16.798] [Render thread/INFO] [net.minecraft.client.gui.components.ChatComponent/]: [System] [CHAT] No Valuables Found!
[10Jan2026 13:27:16.999] [Render thread/INFO] [net.minecraft.client.gui.components.ChatComponent/]: [System] [CHAT] No Valuables Found!
[10Jan2026 13:27:17.200] [Render thread/INFO] [net.minecraft.client.gui.components.ChatComponent/]: [System] [CHAT] Found Copper Ore at (19, 59, 7)
[10Jan2026 13:27:17.400] [Render thread/INFO] [net.minecraft.client.gui.components.ChatComponent/]: [System] [CHAT] Found Copper Ore at (19, 59, 7)
[10Jan2026 13:27:17.593] [Render thread/INFO] [net.minecraft.client.gui.components.ChatComponent/]: [System] [CHAT] No Valuables Found!
[10Jan2026 13:27:17.794] [Render thread/INFO] [net.minecraft.client.gui.components.ChatComponent/]: [System] [CHAT] No Valuables Found!
[10Jan2026 13:27:17.995] [Render thread/INFO] [net.minecraft.client.gui.components.ChatComponent/]: [System] [CHAT] No Valuables Found!
[10Jan2026 13:27:18.197] [Render thread/INFO] [net.minecraft.client.gui.components.ChatComponent/]: [System] [CHAT] No Valuables Found!
[10Jan2026 13:27:18.399] [Render thread/INFO] [net.minecraft.client.gui.components.ChatComponent/]: [System] [CHAT] No Valuables Found!
[10Jan2026 13:27:18.600] [Render thread/INFO] [net.minecraft.client.gui.components.ChatComponent/]: [System] [CHAT] No Valuables Found!
[10Jan2026 13:27:18.793] [Render thread/INFO] [net.minecraft.client.gui.components.ChatComponent/]: [System] [CHAT] No Valuables Found!
[10Jan2026 13:27:18.993] [Render thread/INFO] [net.minecraft.client.gui.components.ChatComponent/]: [System] [CHAT] No Valuables Found!
[10Jan2026 13:27:19.194] [Render thread/INFO] [net.minecraft.client.gui.components.ChatComponent/]: [System] [CHAT] No Valuables Found!
[10Jan2026 13:27:19.395] [Render thread/INFO] [net.minecraft.client.gui.components.ChatComponent/]: [System] [CHAT] No Valuables Found!
[10Jan2026 13:27:19.596] [Render thread/INFO] [net.minecraft.client.gui.components.ChatComponent/]: [System] [CHAT] No Valuables Found!
[10Jan2026 13:27:19.798] [Render thread/INFO] [net.minecraft.client.gui.components.ChatComponent/]: [System] [CHAT] Found Iron Ore at (13, 35, 7)
[10Jan2026 13:27:19.998] [Render thread/INFO] [net.minecraft.client.gui.components.ChatComponent/]: [System] [CHAT] No Valuables Found!
[10Jan2026 13:27:20.198] [Render thread/INFO] [net.minecraft.client.gui.components.ChatComponent/]: [System] [CHAT] No Valuables Found!
[10Jan2026 13:27:20.399] [Render thread/INFO] [net.minecraft.client.gui.components.ChatComponent/]: [System] [CHAT] No Valuables Found!
[10Jan2026 13:27:20.600] [Render thread/INFO] [net.minecraft.client.gui.components.ChatComponent/]: [System] [CHAT] Found Copper Ore at (10, 26, 5)
[10Jan2026 13:27:20.800] [Render thread/INFO] [net.minecraft.client.gui.components.ChatComponent/]: [System] [CHAT] Found Copper Ore at (10, 26, 4)
[10Jan2026 13:27:27.005] [Server thread/INFO] [net.minecraft.client.server.IntegratedServer/]: Saving and pausing game...
[10Jan2026 13:27:27.018] [Server thread/INFO] [net.minecraft.server.MinecraftServer/]: Saving chunks for level 'ServerLevel[New World]'/minecraft:overworld
[10Jan2026 13:27:27.029] [Server thread/INFO] [net.minecraft.server.MinecraftServer/]: Saving chunks for level 'ServerLevel[New World]'/minecraft:the_nether
[10Jan2026 13:27:27.031] [Server thread/INFO] [net.minecraft.server.MinecraftServer/]: Saving chunks for level 'ServerLevel[New World]'/netherspace:neitherspace
[10Jan2026 13:27:27.031] [Server thread/INFO] [net.minecraft.server.MinecraftServer/]: Saving chunks for level 'ServerLevel[New World]'/minecraft:the_end
[10Jan2026 13:27:27.036] [Server thread/DEBUG] [net.minecraftforge.common.ForgeHooks/WP]: Gathering id map for writing to world save New World
[10Jan2026 13:27:27.039] [Server thread/DEBUG] [net.minecraftforge.common.ForgeHooks/WP]: ID Map collection complete New World
[10Jan2026 13:27:27.758] [Render thread/INFO] [mezz.jei.forge.startup.StartEventObserver/]: JEI StartEventObserver received class net.minecraftforge.client.event.ClientPlayerNetworkEvent$LoggingOut
[10Jan2026 13:27:27.759] [Render thread/INFO] [mezz.jei.forge.startup.StartEventObserver/]: JEI StartEventObserver transitioning state from JEI_STARTED to DISABLED
[10Jan2026 13:27:27.759] [Render thread/INFO] [mezz.jei.library.startup.JeiStarter/]: Stopping JEI
[10Jan2026 13:27:27.759] [Render thread/INFO] [mezz.jei.library.load.PluginCaller/]: Sending Runtime Unavailable...
[10Jan2026 13:27:27.759] [Render thread/DEBUG] [mezz.jei.library.load.PluginCallerTimerRunnable/]: Sending Runtime Unavailable: jei:minecraft...
[10Jan2026 13:27:27.759] [Render thread/DEBUG] [mezz.jei.library.load.PluginCallerTimerRunnable/]: Sending Runtime Unavailable: jei:debug...
[10Jan2026 13:27:27.759] [Render thread/DEBUG] [mezz.jei.library.load.PluginCallerTimerRunnable/]: Sending Runtime Unavailable: jei:gui...
[10Jan2026 13:27:27.759] [Render thread/DEBUG] [mezz.jei.library.load.PluginCallerTimerRunnable/]: Sending Runtime Unavailable: jei:forge_gui...
[10Jan2026 13:27:27.759] [Render thread/INFO] [mezz.jei.forge.plugins.forge.ForgeGuiPlugin/]: Stopping JEI GUI
[10Jan2026 13:27:27.761] [Render thread/DEBUG] [mezz.jei.library.load.PluginCallerTimerRunnable/]: Sending Runtime Unavailable: netherspace:jei_plugin...
[10Jan2026 13:27:27.761] [Render thread/DEBUG] [mezz.jei.library.load.PluginCallerTimerRunnable/]: Sending Runtime Unavailable: jei:internal...
[10Jan2026 13:27:27.761] [Render thread/INFO] [mezz.jei.library.load.PluginCaller/]: Sending Runtime Unavailable took 2.809 ms
[10Jan2026 13:27:27.810] [Server thread/INFO] [net.minecraft.server.network.ServerGamePacketListenerImpl/]: Dev lost connection: Disconnected
[10Jan2026 13:27:27.810] [Server thread/INFO] [net.minecraft.server.MinecraftServer/]: Dev left the game
[10Jan2026 13:27:27.820] [Server thread/INFO] [net.minecraft.server.network.ServerGamePacketListenerImpl/]: Stopping singleplayer server as player logged out
[10Jan2026 13:27:27.856] [Server thread/INFO] [net.minecraft.server.MinecraftServer/]: Stopping server
[10Jan2026 13:27:27.856] [Server thread/INFO] [net.minecraft.server.MinecraftServer/]: Saving players
[10Jan2026 13:27:27.856] [Server thread/INFO] [net.minecraft.server.MinecraftServer/]: Saving worlds
[10Jan2026 13:27:28.082] [Server thread/INFO] [net.minecraft.server.MinecraftServer/]: Saving chunks for level 'ServerLevel[New World]'/minecraft:overworld
[10Jan2026 13:27:28.371] [Server thread/INFO] [net.minecraft.server.MinecraftServer/]: Saving chunks for level 'ServerLevel[New World]'/minecraft:the_nether
[10Jan2026 13:27:28.371] [Server thread/INFO] [net.minecraft.server.MinecraftServer/]: Saving chunks for level 'ServerLevel[New World]'/netherspace:neitherspace
[10Jan2026 13:27:28.371] [Server thread/INFO] [net.minecraft.server.MinecraftServer/]: Saving chunks for level 'ServerLevel[New World]'/minecraft:the_end
[10Jan2026 13:27:28.374] [Server thread/DEBUG] [net.minecraftforge.common.ForgeHooks/WP]: Gathering id map for writing to world save New World
[10Jan2026 13:27:28.377] [Server thread/DEBUG] [net.minecraftforge.common.ForgeHooks/WP]: ID Map collection complete New World
[10Jan2026 13:27:28.385] [Server thread/INFO] [net.minecraft.server.MinecraftServer/]: ThreadedAnvilChunkStorage (New World (1)): All chunks are saved
[10Jan2026 13:27:28.385] [Server thread/INFO] [net.minecraft.server.MinecraftServer/]: ThreadedAnvilChunkStorage (DIM-1): All chunks are saved
[10Jan2026 13:27:28.385] [Server thread/INFO] [net.minecraft.server.MinecraftServer/]: ThreadedAnvilChunkStorage (neitherspace): All chunks are saved
[10Jan2026 13:27:28.385] [Server thread/INFO] [net.minecraft.server.MinecraftServer/]: ThreadedAnvilChunkStorage (DIM1): All chunks are saved
[10Jan2026 13:27:28.385] [Server thread/INFO] [net.minecraft.server.MinecraftServer/]: ThreadedAnvilChunkStorage: All dimensions are saved
[10Jan2026 13:27:28.395] [Server thread/DEBUG] [net.minecraftforge.registries.GameData/REGISTRIES]: Reverting to FROZEN data state.
[10Jan2026 13:27:28.395] [Server thread/DEBUG] [net.minecraftforge.registries.ForgeRegistry/REGISTRIES]: Registry minecraft:block Sync: ACTIVE -> FROZEN
[10Jan2026 13:27:28.400] [Server thread/DEBUG] [net.minecraftforge.registries.ForgeRegistry/REGISTRIES]: Registry minecraft:fluid Sync: ACTIVE -> FROZEN
[10Jan2026 13:27:28.400] [Server thread/DEBUG] [net.minecraftforge.registries.ForgeRegistry/REGISTRIES]: Registry minecraft:item Sync: ACTIVE -> FROZEN
[10Jan2026 13:27:28.405] [Server thread/DEBUG] [net.minecraftforge.registries.ForgeRegistry/REGISTRIES]: Registry minecraft:mob_effect Sync: ACTIVE -> FROZEN
[10Jan2026 13:27:28.405] [Server thread/DEBUG] [net.minecraftforge.registries.ForgeRegistry/REGISTRIES]: Registry minecraft:sound_event Sync: ACTIVE -> FROZEN
[10Jan2026 13:27:28.409] [Server thread/DEBUG] [net.minecraftforge.registries.ForgeRegistry/REGISTRIES]: Registry minecraft:potion Sync: ACTIVE -> FROZEN
[10Jan2026 13:27:28.409] [Server thread/DEBUG] [net.minecraftforge.registries.ForgeRegistry/REGISTRIES]: Registry minecraft:enchantment Sync: ACTIVE -> FROZEN
[10Jan2026 13:27:28.409] [Server thread/DEBUG] [net.minecraftforge.registries.ForgeRegistry/REGISTRIES]: Registry minecraft:entity_type Sync: ACTIVE -> FROZEN
[10Jan2026 13:27:28.410] [Server thread/DEBUG] [net.minecraftforge.registries.ForgeRegistry/REGISTRIES]: Registry minecraft:block_entity_type Sync: ACTIVE -> FROZEN
[10Jan2026 13:27:28.410] [Server thread/DEBUG] [net.minecraftforge.registries.ForgeRegistry/REGISTRIES]: Registry minecraft:particle_type Sync: ACTIVE -> FROZEN
[10Jan2026 13:27:28.411] [Server thread/DEBUG] [net.minecraftforge.registries.ForgeRegistry/REGISTRIES]: Registry minecraft:menu Sync: ACTIVE -> FROZEN
[10Jan2026 13:27:28.411] [Server thread/DEBUG] [net.minecraftforge.registries.ForgeRegistry/REGISTRIES]: Registry minecraft:painting_variant Sync: ACTIVE -> FROZEN
[10Jan2026 13:27:28.411] [Server thread/DEBUG] [net.minecraftforge.registries.ForgeRegistry/REGISTRIES]: Registry minecraft:recipe_type Sync: ACTIVE -> FROZEN
[10Jan2026 13:27:28.411] [Server thread/DEBUG] [net.minecraftforge.registries.ForgeRegistry/REGISTRIES]: Registry minecraft:recipe_serializer Sync: ACTIVE -> FROZEN
[10Jan2026 13:27:28.411] [Server thread/DEBUG] [net.minecraftforge.registries.ForgeRegistry/REGISTRIES]: Registry minecraft:attribute Sync: ACTIVE -> FROZEN
[10Jan2026 13:27:28.411] [Server thread/DEBUG] [net.minecraftforge.registries.ForgeRegistry/REGISTRIES]: Registry minecraft:stat_type Sync: ACTIVE -> FROZEN
[10Jan2026 13:27:28.411] [Server thread/DEBUG] [net.minecraftforge.registries.ForgeRegistry/REGISTRIES]: Registry minecraft:command_argument_type Sync: ACTIVE -> FROZEN
[10Jan2026 13:27:28.412] [Server thread/DEBUG] [net.minecraftforge.registries.ForgeRegistry/REGISTRIES]: Registry minecraft:villager_profession Sync: ACTIVE -> FROZEN
[10Jan2026 13:27:28.412] [Server thread/DEBUG] [net.minecraftforge.registries.ForgeRegistry/REGISTRIES]: Registry minecraft:point_of_interest_type Sync: ACTIVE -> FROZEN
[10Jan2026 13:27:28.413] [Server thread/DEBUG] [net.minecraftforge.registries.ForgeRegistry/REGISTRIES]: Registry minecraft:memory_module_type Sync: ACTIVE -> FROZEN
[10Jan2026 13:27:28.413] [Server thread/DEBUG] [net.minecraftforge.registries.ForgeRegistry/REGISTRIES]: Registry minecraft:sensor_type Sync: ACTIVE -> FROZEN
[10Jan2026 13:27:28.413] [Server thread/DEBUG] [net.minecraftforge.registries.ForgeRegistry/REGISTRIES]: Registry minecraft:schedule Sync: ACTIVE -> FROZEN
[10Jan2026 13:27:28.413] [Server thread/DEBUG] [net.minecraftforge.registries.ForgeRegistry/REGISTRIES]: Registry minecraft:activity Sync: ACTIVE -> FROZEN
[10Jan2026 13:27:28.413] [Server thread/DEBUG] [net.minecraftforge.registries.ForgeRegistry/REGISTRIES]: Registry minecraft:worldgen/carver Sync: ACTIVE -> FROZEN
[10Jan2026 13:27:28.413] [Server thread/DEBUG] [net.minecraftforge.registries.ForgeRegistry/REGISTRIES]: Registry minecraft:worldgen/feature Sync: ACTIVE -> FROZEN
[10Jan2026 13:27:28.414] [Server thread/DEBUG] [net.minecraftforge.registries.ForgeRegistry/REGISTRIES]: Registry minecraft:chunk_status Sync: ACTIVE -> FROZEN
[10Jan2026 13:27:28.414] [Server thread/DEBUG] [net.minecraftforge.registries.ForgeRegistry/REGISTRIES]: Registry minecraft:worldgen/block_state_provider_type Sync: ACTIVE -> FROZEN
[10Jan2026 13:27:28.414] [Server thread/DEBUG] [net.minecraftforge.registries.ForgeRegistry/REGISTRIES]: Registry minecraft:worldgen/foliage_placer_type Sync: ACTIVE -> FROZEN
[10Jan2026 13:27:28.414] [Server thread/DEBUG] [net.minecraftforge.registries.ForgeRegistry/REGISTRIES]: Registry minecraft:worldgen/tree_decorator_type Sync: ACTIVE -> FROZEN
[10Jan2026 13:27:28.414] [Server thread/DEBUG] [net.minecraftforge.registries.ForgeRegistry/REGISTRIES]: Registry minecraft:worldgen/biome Sync: ACTIVE -> FROZEN
[10Jan2026 13:27:28.414] [Server thread/DEBUG] [net.minecraftforge.registries.ForgeRegistry/REGISTRIES]: Registry forge:entity_data_serializers Sync: ACTIVE -> FROZEN
[10Jan2026 13:27:28.414] [Server thread/DEBUG] [net.minecraftforge.registries.ForgeRegistry/REGISTRIES]: Registry forge:global_loot_modifier_serializers Sync: ACTIVE -> FROZEN
[10Jan2026 13:27:28.414] [Server thread/DEBUG] [net.minecraftforge.registries.ForgeRegistry/REGISTRIES]: Registry forge:biome_modifier_serializers Sync: ACTIVE -> FROZEN
[10Jan2026 13:27:28.414] [Server thread/DEBUG] [net.minecraftforge.registries.ForgeRegistry/REGISTRIES]: Registry forge:fluid_type Sync: ACTIVE -> FROZEN
[10Jan2026 13:27:28.414] [Server thread/DEBUG] [net.minecraftforge.registries.ForgeRegistry/REGISTRIES]: Registry forge:structure_modifier_serializers Sync: ACTIVE -> FROZEN
[10Jan2026 13:27:28.414] [Server thread/DEBUG] [net.minecraftforge.registries.ForgeRegistry/REGISTRIES]: Registry forge:holder_set_type Sync: ACTIVE -> FROZEN
[10Jan2026 13:27:28.414] [Server thread/DEBUG] [net.minecraftforge.registries.ForgeRegistry/REGISTRIES]: Registry forge:display_contexts Sync: ACTIVE -> FROZEN
[10Jan2026 13:27:28.666] [Server thread/DEBUG] [net.minecraftforge.registries.ObjectHolderRegistry/REGISTRIES]: Applying holder lookups
[10Jan2026 13:27:28.668] [Server thread/DEBUG] [net.minecraftforge.registries.ObjectHolderRegistry/REGISTRIES]: Holder lookups applied
[10Jan2026 13:27:28.668] [Server thread/DEBUG] [net.minecraftforge.registries.GameData/REGISTRIES]: FROZEN state restored.
[10Jan2026 13:27:28.668] [Server thread/DEBUG] [net.minecraftforge.fml.config.ConfigTracker/CONFIG]: Unloading configs type SERVER
[10Jan2026 13:35:45.696] [Render thread/INFO] [net.minecraft.client.Minecraft/]: Stopping!
